channel_name,channel_id,video_url,video_title,views,likes,comments
CA Rachana Phadke Ranade,UCe3qdG0A_gr-sEdat5y2twQ,https://www.youtube.com/watch?v=WhvDlgP6tMY,IRAN vs ISRAEL | Impact on India | BUY THE DIP? | CA Rachana Ranade,21118,1073,88
CA Rachana Phadke Ranade,UCe3qdG0A_gr-sEdat5y2twQ,https://www.youtube.com/watch?v=70kugKq9IEk,India vs Global Economy 2025 | What Investors Need to Know ft. Prashant Sharma | CA Rachana Ranade,11083,344,35
CA Rachana Phadke Ranade,UCe3qdG0A_gr-sEdat5y2twQ,https://www.youtube.com/watch?v=OH_1AJFnsEQ,Will Jio BlackRock Disrupt India's ?67 Trillion Mutual Fund Industry? | CA Rachana Ranade,143721,3081,209
CA Rachana Phadke Ranade,UCe3qdG0A_gr-sEdat5y2twQ,https://www.youtube.com/watch?v=_2yYmyaiI6E,Stock of the Month | June 2025 | CA Rachana Ranade,0,140,30
CA Rachana Phadke Ranade,UCe3qdG0A_gr-sEdat5y2twQ,https://www.youtube.com/watch?v=AaxmSbhciZA,Is This the Right Time to Sell? | 3 Must Know Rules! | CA Rachana Ranade,50230,1860,67
CA Rachana Phadke Ranade,UCe3qdG0A_gr-sEdat5y2twQ,https://www.youtube.com/watch?v=UaNJ_naSxy4,Watch This Before Investing in Dubai |Ft. CA Balaram Vuchidi |@Spectrum-Auditing | CA Rachana Ranade,23790,405,22
CA Rachana Phadke Ranade,UCe3qdG0A_gr-sEdat5y2twQ,https://www.youtube.com/watch?v=FZtlY-pIJWI,How to pick Stocks like a Pro? | Ready Checklists for different Investing Styles | CA Rachana Ranade,48315,1977,90
CA Rachana Phadke Ranade,UCe3qdG0A_gr-sEdat5y2twQ,https://www.youtube.com/watch?v=0HNnFF-ORw0,"Railway Stocks on Fire! | Railtel, IRCON, Titagarh, JWL, RVNL, IRFC, IRCTC | CA Rachana Ranade",75483,2017,148
CA Rachana Phadke Ranade,UCe3qdG0A_gr-sEdat5y2twQ,https://www.youtube.com/watch?v=Pu2wYE5fCyA,Why Nifty is Up Today? |  CA Rachana Ranade,40458,1274,64
CA Rachana Phadke Ranade,UCe3qdG0A_gr-sEdat5y2twQ,https://www.youtube.com/watch?v=77wB76sJt4g,Defense Stocks on Fire! What�s Fueling the Rally | CA Rachana Ranade,39889,1165,88
CA Rachana Phadke Ranade,UCe3qdG0A_gr-sEdat5y2twQ,https://www.youtube.com/watch?v=_laka_MulX8,3 Biases That Are Secretly Killing Your Investments | Behavioural Finance Part 2 | CA Rachana Ranade,18194,676,23
CA Rachana Phadke Ranade,UCe3qdG0A_gr-sEdat5y2twQ,https://www.youtube.com/watch?v=ihffY3xdN2k,Stock of the Month | May 2025 | CA Rachana Ranade,0,126,24
CA Rachana Phadke Ranade,UCe3qdG0A_gr-sEdat5y2twQ,https://www.youtube.com/watch?v=lDXBEw4kdOg,Where to Invest Rs 10 Lakhs Now? | Investment Strategies | CA Rachana Ranade,190024,3717,223
CA Rachana Phadke Ranade,UCe3qdG0A_gr-sEdat5y2twQ,https://www.youtube.com/watch?v=hSLb7ENmxBM,India | Pakistan | Impact on Stock Market | Analyzing Past Trends | CA Rachana Ranade,89255,2192,290
CA Rachana Phadke Ranade,UCe3qdG0A_gr-sEdat5y2twQ,https://www.youtube.com/watch?v=RTtYJF8bxJk,Gold Outlook 2025 | Is this the Right Time to Buy Gold? | CA Rachana Ranade,61655,1463,252
CA Rachana Phadke Ranade,UCe3qdG0A_gr-sEdat5y2twQ,https://www.youtube.com/watch?v=LKnkITlLMwM,Investor's Favourite Mutual Fund Type in 2025 |  CA Rachana Ranade,57171,1342,119
CA Rachana Phadke Ranade,UCe3qdG0A_gr-sEdat5y2twQ,https://www.youtube.com/watch?v=OT7JLxLsaYs,Top 5 Reasons Why This Rally Could Sustain | CA Rachana Ranade,70516,2475,416
CA Rachana Phadke Ranade,UCe3qdG0A_gr-sEdat5y2twQ,https://www.youtube.com/watch?v=3XEQHzxdnVY,Why do we make Dumb Investing Decisions? |  Behavioural Finance |  CA Rachana Ranade,36923,1664,311
CA Rachana Phadke Ranade,UCe3qdG0A_gr-sEdat5y2twQ,https://www.youtube.com/watch?v=4ZyPotjkjh0,China�s Secret Tool to Counter US Tariffs? | CA Rachana Ranade,119640,4571,374
CA Rachana Phadke Ranade,UCe3qdG0A_gr-sEdat5y2twQ,https://www.youtube.com/watch?v=sfQhXrDJRto,Trump Tariff Mystery: A trade war or something more? | CA Rachana Ranade,154515,5008,391
Finology with Pranjal,UCwAdQUuPT6laN-AQR17fe1g,https://www.youtube.com/watch?v=0yWnB1RnPQY,Beginner Investor vs Pro Investor | 9 Pro Investor Secrets to Wealth,68190,3076,176
Finology with Pranjal,UCwAdQUuPT6laN-AQR17fe1g,https://www.youtube.com/watch?v=SADt3RtzxzM,5 Government Schemes Offering Better Returns Than Bank FDs | Govt Schemes vs Bank FDs,143649,5128,407
Finology with Pranjal,UCwAdQUuPT6laN-AQR17fe1g,https://www.youtube.com/watch?v=B9tJBSaBAlE,Mutual Funds vs Direct Stocks vs Smallcase vs Assisted Investing | What Is Better For You?,114980,4500,295
Finology with Pranjal,UCwAdQUuPT6laN-AQR17fe1g,https://www.youtube.com/watch?v=45KFq23IGcY,How I lost Money in YES Bank 5 Years Ago ? Why I picked it ?,70255,3228,311
Finology with Pranjal,UCwAdQUuPT6laN-AQR17fe1g,https://www.youtube.com/watch?v=RsIueLghrsA,Big Stock Market Trap | How Indian Investors are being Scammed,50050,2219,235
Finology with Pranjal,UCwAdQUuPT6laN-AQR17fe1g,https://www.youtube.com/watch?v=aQQ1JthC0f8,Best Demat & Trading Account For Beginners | Zerodha vs Groww Vs Angel One,40895,1818,185
Finology with Pranjal,UCwAdQUuPT6laN-AQR17fe1g,https://www.youtube.com/watch?v=ezl3M8h7wOM,"How Warren Buffett�s Principles Built Me, My Team & Finology",61128,3972,206
Finology with Pranjal,UCwAdQUuPT6laN-AQR17fe1g,https://www.youtube.com/watch?v=sGrpyFiqNEI,The 11 Rules of Financial Freedom To Help You Retire Early,233212,10912,313
Finology with Pranjal,UCwAdQUuPT6laN-AQR17fe1g,https://www.youtube.com/watch?v=JtvVwj28Wok,How To Make Zero to 1 Crore | Simple Wealth Creation Plan,157987,5569,4095
Finology with Pranjal,UCwAdQUuPT6laN-AQR17fe1g,https://www.youtube.com/watch?v=n5Uh-2RPU6w,The Reality of Unlisted and Pre-IPO Stocks,46777,2004,126
Finology with Pranjal,UCwAdQUuPT6laN-AQR17fe1g,https://www.youtube.com/watch?v=vGBLkB2DCVs,How To Pick Winning Stocks | Stock Market Classes | Finology Academy,42893,1932,380
Finology with Pranjal,UCwAdQUuPT6laN-AQR17fe1g,https://www.youtube.com/watch?v=3W731DlLDCk,Why NoBody can Buy a House in India ?,170628,6532,805
Finology with Pranjal,UCwAdQUuPT6laN-AQR17fe1g,https://www.youtube.com/watch?v=Gn8jyPY_KKA,Stock Market Crash | NIFTY Crashes 4% | Buy or Sell?,195811,8671,7255
Finology with Pranjal,UCwAdQUuPT6laN-AQR17fe1g,https://www.youtube.com/watch?v=jSwrci0vKVw,The Penny Stock Strategy | How to Find �Better� Penny Stocks,39909,1871,392
Finology with Pranjal,UCwAdQUuPT6laN-AQR17fe1g,https://www.youtube.com/watch?v=Ig5KkNd_vxc,4 Money Mistakes That Are Keeping You Poor,135119,6100,625
Finology with Pranjal,UCwAdQUuPT6laN-AQR17fe1g,https://www.youtube.com/watch?v=T-nmNeW8AM4,Mutual Funds Investment Guide for Beginners for SIP and Lump Sum,224476,8416,450
Finology with Pranjal,UCwAdQUuPT6laN-AQR17fe1g,https://www.youtube.com/watch?v=3aM0jPe6hSI,"Sell these Stocks, Buy these Stocks | Stock Market Crash Strategy",207975,10383,948
Finology with Pranjal,UCwAdQUuPT6laN-AQR17fe1g,https://www.youtube.com/watch?v=vWgavFa75wg,DANGER??Why Trusting Pranjal Kamra is Risky,62738,2919,229
Finology with Pranjal,UCwAdQUuPT6laN-AQR17fe1g,https://www.youtube.com/watch?v=NUpQ5uRtzpA,Stock Market Crash 2025 - Buy More or Sell Now ?,294869,11510,1352
Finology with Pranjal,UCwAdQUuPT6laN-AQR17fe1g,https://www.youtube.com/watch?v=AWZ51Du36W0,Best Health Insurance 2025 in Hindi | Top Health Plan for 2025,119847,4267,431
warikoo,UCRzYN32xtBf3Yxsx5BvJWJw,https://www.youtube.com/watch?v=JRlq1gOeqak,Can You Really EARN 30% from Real Estate?! | HOUSE HACKING Strategy Analysis | Ankur Warikoo Hindi,133452,2446,454
warikoo,UCRzYN32xtBf3Yxsx5BvJWJw,https://www.youtube.com/watch?v=Nov7iZy9VoE,"30K Income, 6.65 Lakh LOAN - 1 SOLUTION! | Money Matters Ep. 65 | Ankur Warikoo Hindi",232999,4744,547
warikoo,UCRzYN32xtBf3Yxsx5BvJWJw,https://www.youtube.com/watch?v=kz6U0axmPSc,The Complete MUTUAL FUND INVESTMENT Guide | Ankur Warikoo Hindi,292023,7980,483
warikoo,UCRzYN32xtBf3Yxsx5BvJWJw,https://www.youtube.com/watch?v=T2wDZSld_pA,BUYING a 50L HOUSE Without a LOAN - Is This POSSIBLE?! | Money Matters Ep. 64 | Ankur Warikoo Hindi,479851,8704,553
warikoo,UCRzYN32xtBf3Yxsx5BvJWJw,https://www.youtube.com/watch?v=T7JHfLGm_GY,Practical GUIDE for BUDGETING - The Most Important Financial Habit! | Ankur Warikoo Hindi,224413,7071,403
warikoo,UCRzYN32xtBf3Yxsx5BvJWJw,https://www.youtube.com/watch?v=WjwoMMYdTvI,DO NOT Make These 3 FINANCIAL MISTAKES! | Money Matters Ep. 63 | Ankur Warikoo Hindi,238092,4852,503
warikoo,UCRzYN32xtBf3Yxsx5BvJWJw,https://www.youtube.com/watch?v=XBXa8HKFyaE,The COMPLETE Investment Guide for Your 20s! | Ankur Warikoo Hindi,291623,10097,573
warikoo,UCRzYN32xtBf3Yxsx5BvJWJw,https://www.youtube.com/watch?v=2fMOE58BldA,Are You INVESTING in GOLD the RIGHT Way? | Ankur Warikoo Hindi,365721,5854,433
warikoo,UCRzYN32xtBf3Yxsx5BvJWJw,https://www.youtube.com/watch?v=XH_4rj-j0sU,6-Month PLAN to Take Charge Of Your FINANCES! | Ankur Warikoo Hindi,442757,12551,467
warikoo,UCRzYN32xtBf3Yxsx5BvJWJw,https://www.youtube.com/watch?v=D9sexfBGmVQ,How To Pay Off 16 LOANS and ?70 LAKHS of DEBT?! | Money Matters Ep. 62 | Ankur Warikoo Hindi,650590,9806,833
warikoo,UCRzYN32xtBf3Yxsx5BvJWJw,https://www.youtube.com/watch?v=Bmt84ar3wxE,How I Only Work 25 Hours a Week But Earn CRORES! | Ankur Warikoo Hindi,459731,20055,782
warikoo,UCRzYN32xtBf3Yxsx5BvJWJw,https://www.youtube.com/watch?v=77ur4dFUcIw,?12 Lakh Debt from GAMBLING - Can it be SOLVED?! | Money Matters Ep. 61 | Ankur Warikoo Hindi,466503,10712,1128
warikoo,UCRzYN32xtBf3Yxsx5BvJWJw,https://www.youtube.com/watch?v=1_2H9Tlzdhs,How to make money AFTER the 2025 MARKET CRASH? | Ankur Warikoo Hindi,192265,4587,327
warikoo,UCRzYN32xtBf3Yxsx5BvJWJw,https://www.youtube.com/watch?v=yJYUa_vUt0E,"?38,000 EMIs on ?46,000 Salary - How To PLAN? | Money Matters Ep. 60 | Ankur Warikoo Hindi",299354,4943,615
warikoo,UCRzYN32xtBf3Yxsx5BvJWJw,https://www.youtube.com/watch?v=H6Zu2IvAU48,Should You BUY a HOUSE or RENT? Check with this EXCEL SHEET! | Ankur Warikoo Hindi,559015,8072,801
warikoo,UCRzYN32xtBf3Yxsx5BvJWJw,https://www.youtube.com/watch?v=hDhYm6CB-Z8,Managing INCOME and EXPENSES as a SINGLE PARENT! | Money Matters Ep. 59 | Ankur Warikoo Hindi,153333,2405,220
warikoo,UCRzYN32xtBf3Yxsx5BvJWJw,https://www.youtube.com/watch?v=XOWlHWgT2SQ,Escaping the Middle Class Trap: The 3 Paths of Money | Ankur Warikoo Hindi,936488,28857,913
warikoo,UCRzYN32xtBf3Yxsx5BvJWJw,https://www.youtube.com/watch?v=H4JrE6__n4Y,How to Get Out of DEBT TRAP in Just 9 Months?! | Money Matters Ep. 58 | Ankur Warikoo Hindi,245648,5077,340
warikoo,UCRzYN32xtBf3Yxsx5BvJWJw,https://www.youtube.com/watch?v=8UzLUXL--FA,SIP + Gold: How to BALANCE Your PORTFOLIO? | Ankur Warikoo Hindi,359153,7871,341
warikoo,UCRzYN32xtBf3Yxsx5BvJWJw,https://www.youtube.com/watch?v=wJl7KlESQ7M,"Complete FINANCIAL PLANNING for ?30,000 Salary! | Money Matters Ep. 57 | Ankur Warikoo Hindi",728663,17563,911
Finance With Sharan,UCwVEhEzsjLym_u1he4XWFkg,https://www.youtube.com/watch?v=I7uFq-_calg,"The Ultimate Indian Tax-Saving Masterclass (Salary, Business & Investments)  | The 1% Club Show Ep62",141211,2676,472
Finance With Sharan,UCwVEhEzsjLym_u1he4XWFkg,https://www.youtube.com/watch?v=ZeQkweUCmbY,He got 128% Returns in 2024 | The 1% Club Show Ep 61,153667,2390,290
Finance With Sharan,UCwVEhEzsjLym_u1he4XWFkg,https://www.youtube.com/watch?v=xUZUVHNuDnM,Inside A Goa Villa That Earns 1 Lakh Per Day | Smart Holiday Home Investment,98105,1738,348
Finance With Sharan,UCwVEhEzsjLym_u1he4XWFkg,https://www.youtube.com/watch?v=_Xx0hxNuug8,Lab-Grown vs Natural Diamonds: Dirty Secrets Jewelers Won�t Say | 1% Club Show Ep 60,39753,595,89
Finance With Sharan,UCwVEhEzsjLym_u1he4XWFkg,https://www.youtube.com/watch?v=BRH2aMTlECk,Real-Life Home Buying Tour | Hyderabad Edition,193519,2935,457
Finance With Sharan,UCwVEhEzsjLym_u1he4XWFkg,https://www.youtube.com/watch?v=vdBt0zeRRAY,"30 min with $7Bn Fund Manager, 25 Years of Investing Revealed | 1% Club Show Ep 59",360695,6012,168
Finance With Sharan,UCwVEhEzsjLym_u1he4XWFkg,https://www.youtube.com/watch?v=n6IUZ1myDT4,Ultimate F&O Trading Masterclass- ft. Univest CEO  | 1% Club Show Ep 58,107621,2187,307
Finance With Sharan,UCwVEhEzsjLym_u1he4XWFkg,https://www.youtube.com/watch?v=3TAW3EBotxs,"Real-Life Finance Case Study: ?1.5L Salary, Family Costs & FIRE Plan",153169,1497,320
Finance With Sharan,UCwVEhEzsjLym_u1he4XWFkg,https://www.youtube.com/watch?v=dIWznByHUKE,"25 Year Old Millionaire In Dubai, AI & Gaming, Buying Real Estate With Crypto",1008602,2423,350
Finance With Sharan,UCwVEhEzsjLym_u1he4XWFkg,https://www.youtube.com/watch?v=QJ2i-oHJf7g,Don�t Get a Credit Card in 2025 Without Watching This | 1% Club Show Ep 57,292961,5113,383
Finance With Sharan,UCwVEhEzsjLym_u1he4XWFkg,https://www.youtube.com/watch?v=1YUFk6cPUDw,What It�s Like Living in Burj Khalifa 80th Floor Apartment? Luxury Home Tour | 1% Club Show Ep 56,908993,9904,297
Finance With Sharan,UCwVEhEzsjLym_u1he4XWFkg,https://www.youtube.com/watch?v=Tz1slJbcgWU,2025 Investment Strategy After The Crash | Don�t Invest Until You See This | 1% Club Show Ep 55,173422,3264,321
Finance With Sharan,UCwVEhEzsjLym_u1he4XWFkg,https://www.youtube.com/watch?v=iznk5pCkc1c,"60k Income, Managing FAMILY After Losing Father | Personal CFO Ep. 4 | Finance With Sharan",98394,1464,100
Finance With Sharan,UCwVEhEzsjLym_u1he4XWFkg,https://www.youtube.com/watch?v=163z78P-qBI,"?25,000 vs ?17,00,000 Rent House! ft. @rk.ravikewalramani",451666,7480,7033
Finance With Sharan,UCwVEhEzsjLym_u1he4XWFkg,https://www.youtube.com/watch?v=MS2Dh44UvFs,The Dark Reality About Buying a US Green Card | Ep. 54,479032,5165,922
Finance With Sharan,UCwVEhEzsjLym_u1he4XWFkg,https://www.youtube.com/watch?v=DYIl-EP8LZM,How This Startup made ?1 Crore in Just 25 Days After Shark Tank! | Ep. 53,24447,540,32
Finance With Sharan,UCwVEhEzsjLym_u1he4XWFkg,https://www.youtube.com/watch?v=mcg2uE2Fg8Y,How He�s Achieving Financial Freedom With His Salary??| Personal CFO Ep. 3 | Finance With Sharan,147152,1908,174
Finance With Sharan,UCwVEhEzsjLym_u1he4XWFkg,https://www.youtube.com/watch?v=DU0IMLDnrm4,"How They Built A 50,000 Cr Tech Company In An Indian Village | FREE MBA Masterclass | Ep. 52",843678,10229,374
Finance With Sharan,UCwVEhEzsjLym_u1he4XWFkg,https://www.youtube.com/watch?v=Ov96P7e_eE0,FREE Masterclass To Become Crorepati Influencer | Bolly Celeb Manager Reveals The Secrets | Ep. 51,23836,543,27
Finance With Sharan,UCwVEhEzsjLym_u1he4XWFkg,https://www.youtube.com/watch?v=EsMGwG_H2qA,Budget 2025 Simplified: How Will It Impact You? Experts Break It Down,158094,5007,306
Asset Yogi,UCsNxHPbaCWL1tKw2hxGQD6g,https://www.youtube.com/watch?v=pTbWllDAo9g,UPS vs NPS - Which is better? | SURPRISING Pension Scheme Calculation,92609,2464,485
Asset Yogi,UCsNxHPbaCWL1tKw2hxGQD6g,https://www.youtube.com/watch?v=9yoEyT1zDq4,Shocking New Income Tax Slabs 2025-26 Calculation & Rules | New Tax Regime vs Old Tax Regime,55623,1726,125
Asset Yogi,UCsNxHPbaCWL1tKw2hxGQD6g,https://www.youtube.com/watch?v=94baVxz3cxE,ELSS Mutual Fund 2025 ??? ????? ?? ????,12823,413,49
Asset Yogi,UCsNxHPbaCWL1tKw2hxGQD6g,https://www.youtube.com/watch?v=qMhZ9AWnZTI,India vs Pakistan - The SECRET WAR No One Is Talking About,36017,1295,146
Asset Yogi,UCsNxHPbaCWL1tKw2hxGQD6g,https://www.youtube.com/watch?v=WHrwT_rejac,"How to Invest in Stock Market amid Trump Tariffs? | US, China & Global Recession Fears in 2025?",17418,800,102
Asset Yogi,UCsNxHPbaCWL1tKw2hxGQD6g,https://www.youtube.com/watch?v=fYWrEdLddfY,Why Property Is So EXPENSIVE in India in 2025? � 3 Reasons You Can�t Guess,109786,2994,253
Asset Yogi,UCsNxHPbaCWL1tKw2hxGQD6g,https://www.youtube.com/watch?v=EpSgyHZSJGM,Stock Market Crash Recovery � How to Invest in 2025?,214030,5570,550
Asset Yogi,UCsNxHPbaCWL1tKw2hxGQD6g,https://www.youtube.com/watch?v=3ddmEn-Rg3M,Budget 2025 for Middle Class � Zero Tax upto ?12.75 Lakhs | Income Tax Slabs for FY 2025-26,221420,4823,297
Asset Yogi,UCsNxHPbaCWL1tKw2hxGQD6g,https://www.youtube.com/watch?v=qsxFm6S_GFQ,Pay ZERO Tax in 2025 with New Regime � Updated Income Tax Saving and Tax Planning Guide,146974,2453,125
Asset Yogi,UCsNxHPbaCWL1tKw2hxGQD6g,https://www.youtube.com/watch?v=M2xf6wHfQOc,Vishal Mega Mart IPO In-Depth Analysis & Complete Details,41477,992,57
Asset Yogi,UCsNxHPbaCWL1tKw2hxGQD6g,https://www.youtube.com/watch?v=Mtr9XvXOkMw,"Rights Issue Complete Guide � What is Rights Issue, Rights Entitlement and How to Apply?",52451,1434,94
Asset Yogi,UCsNxHPbaCWL1tKw2hxGQD6g,https://www.youtube.com/watch?v=DM2hbZG9Hhs,Stocks' Themes for 2025 | How to invest in Stock Market in 2025?,36152,1757,278
Asset Yogi,UCsNxHPbaCWL1tKw2hxGQD6g,https://www.youtube.com/watch?v=AGSsP96Nzqw,Mutual Funds SIP vs Stocks SIP - Which is a better Systematic Investment Plan? Stock SIP ???? ?????,263905,7266,324
Asset Yogi,UCsNxHPbaCWL1tKw2hxGQD6g,https://www.youtube.com/watch?v=UW03yBYvZ9Q,Zero AMC Demat Account from Sep 2024 - Basic Services Demat Account (BSDA) Explained,24106,875,68
Asset Yogi,UCsNxHPbaCWL1tKw2hxGQD6g,https://www.youtube.com/watch?v=gXzPnPDiutk,How Many Mutual Funds should I have in my portfolio?,142737,4182,230
Asset Yogi,UCsNxHPbaCWL1tKw2hxGQD6g,https://www.youtube.com/watch?v=dbKE6pBFoQM,"New Tax Rules for Stock Market Income & Mutual Funds Explained - Capital Gains Tax, STT in 2024",148188,5796,432
Asset Yogi,UCsNxHPbaCWL1tKw2hxGQD6g,https://www.youtube.com/watch?v=2U5P74RF8oI,Warren Buffett's HIDDEN Stock Market Formula That We Can COPY,30084,1639,49
Asset Yogi,UCsNxHPbaCWL1tKw2hxGQD6g,https://www.youtube.com/watch?v=EgCvWBKKPMU,"Pay ZERO Capital Gains Tax on Property Sale (House, Commercial, Land) in 2024",282183,7172,364
Asset Yogi,UCsNxHPbaCWL1tKw2hxGQD6g,https://www.youtube.com/watch?v=L226JOIEha8,Capital Gains Tax on Sale of Property ?? Calculation - Budget 2024 Impact Without Indexation Benefit,144636,4330,366
Asset Yogi,UCsNxHPbaCWL1tKw2hxGQD6g,https://www.youtube.com/watch?v=k_av6-1uu_4,New Income Tax Slabs 2024-25 | New Tax Regime vs Old Tax Regime Calculation | Budget 2024 Analysis,499035,9812,475
Pushkar Raj Thakur: Stock Market Educator ??,UCEAAzv2OBqxsSczKJ2QZyGQ,https://www.youtube.com/watch?v=pruy8nIfk7Q,How Mutual Funds are Scamming Common Investors? | Mutual Funds Sahi Nahi Hai!,127110,5563,418
Pushkar Raj Thakur: Stock Market Educator ??,UCEAAzv2OBqxsSczKJ2QZyGQ,https://www.youtube.com/watch?v=jJaar4cuI0s,"Israel ???? Att*ck on Iran ???? Impact on Stock Market, Crude Oil, Bitcoin & Gold",243731,6510,100
Pushkar Raj Thakur: Stock Market Educator ??,UCEAAzv2OBqxsSczKJ2QZyGQ,https://www.youtube.com/watch?v=Cob69bho_Cg,Earn Money in Stock Market Trading using Option Chain | LTP Calculator Reversal Signals,103222,3943,183
Pushkar Raj Thakur: Stock Market Educator ??,UCEAAzv2OBqxsSczKJ2QZyGQ,https://www.youtube.com/watch?v=C3OGmnFHDhE,Option Trading in Nifty Vs Bitcoin | Stock Market & Crypto Market Trading,92138,3574,71
Pushkar Raj Thakur: Stock Market Educator ??,UCEAAzv2OBqxsSczKJ2QZyGQ,https://www.youtube.com/watch?v=oi0GXh06nos,Stock Market Crash or Rise? | Russia Ukraine UK War | Operation Spider Web,142934,4508,54
Pushkar Raj Thakur: Stock Market Educator ??,UCEAAzv2OBqxsSczKJ2QZyGQ,https://www.youtube.com/watch?v=xaKDgTCa5ao,How a 20-Year-Old Stole 4000 Bitcoins Worth $230 Million | The Malone Lam Crypto Heist,331819,8327,186
Pushkar Raj Thakur: Stock Market Educator ??,UCEAAzv2OBqxsSczKJ2QZyGQ,https://www.youtube.com/watch?v=D89hCnQI-oc,"Daily Profit ?25,000 from Crypto Exposed | Africrypt Regular Income Plan",132549,4486,93
Pushkar Raj Thakur: Stock Market Educator ??,UCEAAzv2OBqxsSczKJ2QZyGQ,https://www.youtube.com/watch?v=TAC6YRy3Joo,SCODA Tubes IPO Analysis | New IPO GMP & Details,68901,1953,61
Pushkar Raj Thakur: Stock Market Educator ??,UCEAAzv2OBqxsSczKJ2QZyGQ,https://www.youtube.com/watch?v=oyXPTEQWEsw,How to Start Trading in 2025? | 7 Steps to Make Money in Stock Market / Forex / Crypto Trading,260464,10955,177
Pushkar Raj Thakur: Stock Market Educator ??,UCEAAzv2OBqxsSczKJ2QZyGQ,https://www.youtube.com/watch?v=MgUKYMIw3Eo,Sensex to Gold Ratio | When to Invest Money in Gold & Stock Market,44140,1889,53
Pushkar Raj Thakur: Stock Market Educator ??,UCEAAzv2OBqxsSczKJ2QZyGQ,https://www.youtube.com/watch?v=WB2b4EOYORc,AI 9:20 Trading Setup | How to Earn Money in Stock Market,81546,2959,187
Pushkar Raj Thakur: Stock Market Educator ??,UCEAAzv2OBqxsSczKJ2QZyGQ,https://www.youtube.com/watch?v=Kei7XunVfhk,SIP in Gold Vs SIP in Nifty | Shocking Returns on Investment,92516,3332,82
Pushkar Raj Thakur: Stock Market Educator ??,UCEAAzv2OBqxsSczKJ2QZyGQ,https://www.youtube.com/watch?v=sFqXDwWldTI,Pakistan ???? ?? 4 ?????? ????? ! | Balochistan Declared Independence,94576,3656,115
Pushkar Raj Thakur: Stock Market Educator ??,UCEAAzv2OBqxsSczKJ2QZyGQ,https://www.youtube.com/watch?v=LugrRlZ1ST0,Why Japan Stock Market Didn't Give Returns for 35 Years?,222225,4780,74
Pushkar Raj Thakur: Stock Market Educator ??,UCEAAzv2OBqxsSczKJ2QZyGQ,https://www.youtube.com/watch?v=mnROh_yZCxU,Stock Market Manipulation or Real Bull Run? | India Pakistan & US Market Trading,205909,7290,126
Pushkar Raj Thakur: Stock Market Educator ??,UCEAAzv2OBqxsSczKJ2QZyGQ,https://www.youtube.com/watch?v=qjkFtaOXqGo,How to Earn Money with Bitcoin Trading? | Live Demo,112338,4105,112
Pushkar Raj Thakur: Stock Market Educator ??,UCEAAzv2OBqxsSczKJ2QZyGQ,https://www.youtube.com/watch?v=38lIih78d4U,How to Survive a Nuclear Bomb Attack: India ???? vs Pakistan ????,312220,8153,170
Pushkar Raj Thakur: Stock Market Educator ??,UCEAAzv2OBqxsSczKJ2QZyGQ,https://www.youtube.com/watch?v=RqG61HQDlb8,Operation Sindoor | Is Stock Market Crash Coming?,165341,6521,120
Pushkar Raj Thakur: Stock Market Educator ??,UCEAAzv2OBqxsSczKJ2QZyGQ,https://www.youtube.com/watch?v=bTDlkgAbfSQ,Stock Market Crash Can Make You Rich!,125802,4522,492
Pushkar Raj Thakur: Stock Market Educator ??,UCEAAzv2OBqxsSczKJ2QZyGQ,https://www.youtube.com/watch?v=fKZ2TLksNnA,ETF Mutual Fund ?? ??? !,135964,5299,86
Trading Chanakya,UCUgUjyt6jcyxfM4FCmxZcgw,https://www.youtube.com/watch?v=7Mt9h4xQUp0,Elder Force Index ???? ??? | Powerful Indicator Explained in Hindi! ??,4830,313,107
Trading Chanakya,UCUgUjyt6jcyxfM4FCmxZcgw,https://www.youtube.com/watch?v=3O0WdlYD2RI,"War Fear: Iran vs Israel ?? | Gold ????, Nifty ????! | Market Crash Analysis ??",2783,115,62
Trading Chanakya,UCUgUjyt6jcyxfM4FCmxZcgw,https://www.youtube.com/watch?v=j-iBjHP-VPI,Jio-BlackRock ?? SEBI ?? ??? ????! ?? ?? ????? ???? ????? Mutual Funds?,10456,229,78
Trading Chanakya,UCUgUjyt6jcyxfM4FCmxZcgw,https://www.youtube.com/watch?v=sH9lW4bw6yo,"Darvas Box ""Strategy"" ?? ??? ????! Momentum Trading Secret",6707,327,59
Trading Chanakya,UCUgUjyt6jcyxfM4FCmxZcgw,https://www.youtube.com/watch?v=EWmIfrUHmdo,LIVE Stock Trading Scanner ?? | Momentum Picks for Quick Profit! ????,4999,229,62
Trading Chanakya,UCUgUjyt6jcyxfM4FCmxZcgw,https://www.youtube.com/watch?v=P6hL8Nk3MEM,Risk Management Mastery ?? Momentum Traders ?? ??? Ultimate Guide!,2461,125,55
Trading Chanakya,UCUgUjyt6jcyxfM4FCmxZcgw,https://www.youtube.com/watch?v=XDrQPJzUBa8,Momentum Trading Se Fatafat 20% Profit | Real Chart Example ??,8787,338,123
Trading Chanakya,UCUgUjyt6jcyxfM4FCmxZcgw,https://www.youtube.com/watch?v=IaBLw1y1cZQ,Mark Minervini ?? VCP Pattern | Short Term Trading ?? Superhit Strategy,8180,322,76
Trading Chanakya,UCUgUjyt6jcyxfM4FCmxZcgw,https://www.youtube.com/watch?v=MSQDHeA23hs,Stock Market ??? Mark Minervini ?? Strategy ???? Apply ????? | With Scanner,16332,681,130
Trading Chanakya,UCUgUjyt6jcyxfM4FCmxZcgw,https://www.youtube.com/watch?v=XXGMWhAXRWs,Live Scanner Momentum Trading Strategy ?? 2 Minute Mein Portfolio Banao,10453,450,68
Trading Chanakya,UCUgUjyt6jcyxfM4FCmxZcgw,https://www.youtube.com/watch?v=4s52AoVEBCs,?? Momentum Trading Secrets for Explosive Portfolio Growth!,18946,785,109
Trading Chanakya,UCUgUjyt6jcyxfM4FCmxZcgw,https://www.youtube.com/watch?v=rFkursfaOAc,Stock Portfolio ???? ?????? ????? 5 ???? ??? ????? Dividend vs Growth vs Momentum,3999,198,54
Trading Chanakya,UCUgUjyt6jcyxfM4FCmxZcgw,https://www.youtube.com/watch?v=DhVUCNVgRZU,Zerodha 2025 Biggest Update! ?? Drag & Drop Trading + New Watchlist + Option Chain ??,4384,160,122
Trading Chanakya,UCUgUjyt6jcyxfM4FCmxZcgw,https://www.youtube.com/watch?v=OSUrI-llEKQ,?? ???? ? ??? ???? ?? ???? ????? ? Stock Market Today Analysis??,3223,137,194
Trading Chanakya,UCUgUjyt6jcyxfM4FCmxZcgw,https://www.youtube.com/watch?v=3d7imBt0rSY,LIVE Stock Scanner for BIG PROFITS ?? | Swing Trading Strategies,21842,785,230
Trading Chanakya,UCUgUjyt6jcyxfM4FCmxZcgw,https://www.youtube.com/watch?v=uWb3u2p-It8,2025 Ki Best Swing Trading Strategies � Kuch Din Mein Bada Profit!,10067,421,358
Trading Chanakya,UCUgUjyt6jcyxfM4FCmxZcgw,https://www.youtube.com/watch?v=NrVt3tGEHU4,Earn Regular Income with 80% Accuracy | Proven Options Trading Strategy!,7054,225,65
Trading Chanakya,UCUgUjyt6jcyxfM4FCmxZcgw,https://www.youtube.com/watch?v=lTU-ydMAoyI,Short Term Trading Masterclass ?? 1 Week Mein Profit Kamane Ka Tarika!,3702,149,47
Trading Chanakya,UCUgUjyt6jcyxfM4FCmxZcgw,https://www.youtube.com/watch?v=SK1lg7bc3kE,"????? ?1 Lakh ?? ""Regular Income"" - Option Wheel Strategy",10430,296,50
Trading Chanakya,UCUgUjyt6jcyxfM4FCmxZcgw,https://www.youtube.com/watch?v=M9OgGwOAHDI,????? 10% ???????? ????? ????? ???? ????? ????? ?? ???? ??? | Real Trading Mindset,10555,279,80
Labour Law Advisor,UCVOTBwF0vnSxMRIbfSE_K_g,https://www.youtube.com/watch?v=PTD0ohD9rM4,[Members Only] Full Private Limited Q&A with @CAAnoopBhatia,0,2,2
Labour Law Advisor,UCVOTBwF0vnSxMRIbfSE_K_g,https://www.youtube.com/watch?v=MQCcW8iHyQk,UPS VS NPS | Unified Pension Scheme: All You Need to Know,208742,4887,1499
Labour Law Advisor,UCVOTBwF0vnSxMRIbfSE_K_g,https://www.youtube.com/watch?v=Yxq_gCOmv2Y,Private Limited - Good or Very bad? | Business Basics Ep#4,106179,3789,553
Labour Law Advisor,UCVOTBwF0vnSxMRIbfSE_K_g,https://www.youtube.com/watch?v=yUzTBykFSr8,Ultimate Health Insurance Guide for Parents/ Senior Citizens | 2025,100487,3952,324
Labour Law Advisor,UCVOTBwF0vnSxMRIbfSE_K_g,https://www.youtube.com/watch?v=zbtpj1O72c8,Pink Odyssey 2025 | After Movie | @InCredMoney,11366,346,19
Labour Law Advisor,UCVOTBwF0vnSxMRIbfSE_K_g,https://www.youtube.com/watch?v=0HIUhPM-4Sk,Finding the BEST Health Insurance | Ultimate Guide 2025,283431,11808,1233
Labour Law Advisor,UCVOTBwF0vnSxMRIbfSE_K_g,https://www.youtube.com/watch?v=jGlaXr0EgFc,Biggest EPFO Updates 2025 | PF Withdrawal Simplified | Higher Pension Approved,456924,8751,615
Labour Law Advisor,UCVOTBwF0vnSxMRIbfSE_K_g,https://www.youtube.com/watch?v=bqDv3U_UfAk,Everything about Partnership with CA Anoop Bhatia | Members Only,0,10,2
Labour Law Advisor,UCVOTBwF0vnSxMRIbfSE_K_g,https://www.youtube.com/watch?v=SOXKc3LW3QQ,Best for new business? A to Z of Partnership Firm | Business Basics Ep. 3,76954,4969,243
Labour Law Advisor,UCVOTBwF0vnSxMRIbfSE_K_g,https://www.youtube.com/watch?v=jSF9kdYjiYY,National Pension System | NPS vs PPF vs MFs | Ultimate Guide,1051714,29383,2750
Labour Law Advisor,UCVOTBwF0vnSxMRIbfSE_K_g,https://www.youtube.com/watch?v=BnlOGvwy6xo,[Member Only] Full Proprietorship Q&A with @CAAnoopBhatia,0,10,9
Labour Law Advisor,UCVOTBwF0vnSxMRIbfSE_K_g,https://www.youtube.com/watch?v=Gj5jvAOzO-0,"Business with Job, Legal? | A to Z of Sole Proprietorship | Business Basics Ep. 2",306845,10046,515
Labour Law Advisor,UCVOTBwF0vnSxMRIbfSE_K_g,https://www.youtube.com/watch?v=-feBrGUqfqw,We Partied with Jagruk Janta | Jashn-e-Jagruk After Movie,14956,670,213
Labour Law Advisor,UCVOTBwF0vnSxMRIbfSE_K_g,https://www.youtube.com/watch?v=czMUlsMduyE,Budget 2025 in just 15 minutes | Kaam ki baat no bakwas ??,848023,34376,6060
Labour Law Advisor,UCVOTBwF0vnSxMRIbfSE_K_g,https://www.youtube.com/watch?v=u5hJxM2Cjic,Private Limited vs LLP vs Partnership vs Proprietorship  | Business Basics EP01,244585,17427,1410
Labour Law Advisor,UCVOTBwF0vnSxMRIbfSE_K_g,https://www.youtube.com/watch?v=E2gWlbLW7HM,What happens when a country stops Inflation? | Man v/s Money EP04,264708,10836,566
Labour Law Advisor,UCVOTBwF0vnSxMRIbfSE_K_g,https://www.youtube.com/watch?v=liuKy5IVcHU,Term Insurance: How to get 2x sum assured at 1/3rd price? | Masterclass 2025,776512,22722,1302
Labour Law Advisor,UCVOTBwF0vnSxMRIbfSE_K_g,https://www.youtube.com/watch?v=D0-5R6L4Se4,Scammer = Subscriber ??,58283,3132,215
Labour Law Advisor,UCVOTBwF0vnSxMRIbfSE_K_g,https://www.youtube.com/watch?v=CQ-7txLzz_E,From Zero to Hero | Jagruk RJ shares his struggle | Members Only,0,11,2
Labour Law Advisor,UCVOTBwF0vnSxMRIbfSE_K_g,https://www.youtube.com/watch?v=1KaoUlOY4N4,[Revealed] LLA Business P&L and Financials | Jagruk Journal Year 3,50235,1747,251
Invest Aaj For Kal,UCWHCXSKASuSzao_pplQ7SPw,https://www.youtube.com/watch?v=zKvgqeEu9A0,Market will crash again due to Trump tariff? 16/6/2025,34532,1742,69
Invest Aaj For Kal,UCWHCXSKASuSzao_pplQ7SPw,https://www.youtube.com/watch?v=E3SF0zYMLNc,10 Reasons keeping you poor | 10 ways to get financial freedom | Earn money with these steps |,11590,558,67
Invest Aaj For Kal,UCWHCXSKASuSzao_pplQ7SPw,https://www.youtube.com/watch?v=ejDS3aTnX1o,Silver ready to crash to 50000 or 150000? Silver analysis in 2025 | Best way to invest in silver? |,32853,1553,86
Invest Aaj For Kal,UCWHCXSKASuSzao_pplQ7SPw,https://www.youtube.com/watch?v=XwI1ED08AqU,"Gold can crash to 50,000? Gold price action | Gold analysis in 2025 | Best way to invest in Gold |",75177,2317,528
Invest Aaj For Kal,UCWHCXSKASuSzao_pplQ7SPw,https://www.youtube.com/watch?v=aDb2JKC1ROM,Stock market crash today - But why? 12/6/2025,88181,3030,327
Invest Aaj For Kal,UCWHCXSKASuSzao_pplQ7SPw,https://www.youtube.com/watch?v=59_o5G9FtC8,Oswal Pumps IPO Analysis | Nifty analysis | Crypto analysis for beginners | 10/6/2025,42380,1364,112
Invest Aaj For Kal,UCWHCXSKASuSzao_pplQ7SPw,https://www.youtube.com/watch?v=23sZWSzNLxQ,"3 lakh vs 10,000 Rs | Buy vs Rent furniture and appliances | Rentomojo |",41237,742,37
Invest Aaj For Kal,UCWHCXSKASuSzao_pplQ7SPw,https://www.youtube.com/watch?v=2iGOx2oW3RI,NSE IPO Largest IPO of India | RBI policy and Bank Nifty expectations | 5/6/2025,62692,1831,114
Invest Aaj For Kal,UCWHCXSKASuSzao_pplQ7SPw,https://www.youtube.com/watch?v=_4qKOalyKIc,Price action 2.0 - Bumper profit | Crypto Trading for beginners | Stock Trading for beginners |,16270,1152,190
Invest Aaj For Kal,UCWHCXSKASuSzao_pplQ7SPw,https://www.youtube.com/watch?v=fSlBvZkZdBU,Price action Trading strategy - Full course | Stock and crypto Trading for beginners |Trading Action,34347,2225,263
Invest Aaj For Kal,UCWHCXSKASuSzao_pplQ7SPw,https://www.youtube.com/watch?v=vqWHB7qThDk,Prostarm Info Systems IPO | Scoda Tubes IPO | Nifty and Bank Nifty analysis | 27/5/2025,59480,1649,181
Invest Aaj For Kal,UCWHCXSKASuSzao_pplQ7SPw,https://www.youtube.com/watch?v=AhxIiEPety8,Prostarm Info Systems VS Aegis Vopak Terminals IPO VS Leela Hotels VS VS Scoda Tubes - IPO Ranking |,57651,1539,43
Invest Aaj For Kal,UCWHCXSKASuSzao_pplQ7SPw,https://www.youtube.com/watch?v=j313XQxwOgM,Leela hotels ipo Review | Schloss Bangalore Limited IPO | Leela Hotels IPO Analysis,36357,813,49
Invest Aaj For Kal,UCWHCXSKASuSzao_pplQ7SPw,https://www.youtube.com/watch?v=8wJhIWqpdTU,Scoda Tubes IPO Details | Scoda Tubes IPO Analysis |,25682,821,33
Invest Aaj For Kal,UCWHCXSKASuSzao_pplQ7SPw,https://www.youtube.com/watch?v=06gq1URJDP8,10 EMA 20 EMA Special strategy | Crypto trading for beginners | Trading for beginners |,30767,1620,62
Invest Aaj For Kal,UCWHCXSKASuSzao_pplQ7SPw,https://www.youtube.com/watch?v=nhEzTvxm9bo,Bumper profit strategy - Reversal 5 EMA strategy | Crypto trading for beginners |,93602,3708,385
Invest Aaj For Kal,UCWHCXSKASuSzao_pplQ7SPw,https://www.youtube.com/watch?v=gcuiIQHjOwE,Stock market fall - But why? Crypto ready for new high? Crypto trading for beginners,23295,1217,24
Invest Aaj For Kal,UCWHCXSKASuSzao_pplQ7SPw,https://www.youtube.com/watch?v=12NC0PFRZuA,Belrise Industries IPO Review | Belrise Industries IPO Analysis |,65470,1607,100
Invest Aaj For Kal,UCWHCXSKASuSzao_pplQ7SPw,https://www.youtube.com/watch?v=xKwyS0DJbH4,Borana Weaves IPO Analysis | Borana Weaves IPO Details |,61718,1279,35
Invest Aaj For Kal,UCWHCXSKASuSzao_pplQ7SPw,https://www.youtube.com/watch?v=VxkiiN5CRSY,Vodafone idea End Game - Vodafone Idea investors in worry?,38019,1067,97
Yadnya Investment Academy,UCPohbSYq4IXhv0yxiy-sT4g,https://www.youtube.com/watch?v=dWcD_EPQu-w,Today's Stock Market News - 17/6/2025 | Aaj ki Taaza Khabar,15342,1269,29
Yadnya Investment Academy,UCPohbSYq4IXhv0yxiy-sT4g,https://www.youtube.com/watch?v=wU5Dmw5Av-I,Today's Stock Market News - 16/6/2025 | Aaj ki Taaza Khabar,16813,1195,83
Yadnya Investment Academy,UCPohbSYq4IXhv0yxiy-sT4g,https://www.youtube.com/watch?v=V_X3bY5JQ-U,Today's Stock Market News - 13/6/2025 | Aaj ki Taaza Khabar,15688,1088,56
Yadnya Investment Academy,UCPohbSYq4IXhv0yxiy-sT4g,https://www.youtube.com/watch?v=D3pc-h8_6Ks,What should you know before buying unlisted shares?,4427,254,11
Yadnya Investment Academy,UCPohbSYq4IXhv0yxiy-sT4g,https://www.youtube.com/watch?v=mPTpzNpl2d0,Today's Stock Market News - 12/6/2025 | Aaj ki Taaza Khabar,18326,1241,34
Yadnya Investment Academy,UCPohbSYq4IXhv0yxiy-sT4g,https://www.youtube.com/watch?v=LMBxeA_KmV0,Today's Stock Market News - 11/6/2025 | Aaj ki Taaza Khabar,13952,1121,43
Yadnya Investment Academy,UCPohbSYq4IXhv0yxiy-sT4g,https://www.youtube.com/watch?v=Efa0SQOSCUs,Today's Stock Market News - 10/6/2025 | Aaj ki Taaza Khabar,15240,1195,25
Yadnya Investment Academy,UCPohbSYq4IXhv0yxiy-sT4g,https://www.youtube.com/watch?v=sungTgoVEO4,Today's Stock Market News - 9/6/2025 | Aaj ki Taaza Khabar,16203,1276,42
Yadnya Investment Academy,UCPohbSYq4IXhv0yxiy-sT4g,https://www.youtube.com/watch?v=cQ6EHouXOXw,Today's Stock Market News - 6/6/2025 | Aaj ki Taaza Khabar,12852,1021,19
Yadnya Investment Academy,UCPohbSYq4IXhv0yxiy-sT4g,https://www.youtube.com/watch?v=bTT86SdgFAw,Today's Stock Market News - 5/6/2025 | Aaj ki Taaza Khabar,14770,1207,39
Yadnya Investment Academy,UCPohbSYq4IXhv0yxiy-sT4g,https://www.youtube.com/watch?v=51VmnHzkRB8,Today's Stock Market News - 4/6/2025 | Aaj ki Taaza Khabar,12323,1004,45
Yadnya Investment Academy,UCPohbSYq4IXhv0yxiy-sT4g,https://www.youtube.com/watch?v=z5NDrrt4-lU,Why not only Invest in Passive Funds? | Case Study,5451,193,27
Yadnya Investment Academy,UCPohbSYq4IXhv0yxiy-sT4g,https://www.youtube.com/watch?v=x2p7OzfwZLA,Today's Stock Market News - 3/6/2025 | Aaj ki Taaza Khabar,15638,997,40
Yadnya Investment Academy,UCPohbSYq4IXhv0yxiy-sT4g,https://www.youtube.com/watch?v=cmbelTIVDnk,Today's Stock Market News - 2/6/2025 | Aaj ki Taaza Khabar,15390,1095,71
Yadnya Investment Academy,UCPohbSYq4IXhv0yxiy-sT4g,https://www.youtube.com/watch?v=pzoWruTyVfQ,Standing Deposit Facility Explained � RBI�s Secret Tool Revealed!,3906,188,9
Yadnya Investment Academy,UCPohbSYq4IXhv0yxiy-sT4g,https://www.youtube.com/watch?v=FcleUlGQdWY,Today's Stock Market News - 30/5/2025 | Aaj ki Taaza Khabar,17519,1155,62
Yadnya Investment Academy,UCPohbSYq4IXhv0yxiy-sT4g,https://www.youtube.com/watch?v=NDzzh64Qan4,Today's Stock Market News - 29/5/2025 | Aaj ki Taaza Khabar,13614,1041,61
Yadnya Investment Academy,UCPohbSYq4IXhv0yxiy-sT4g,https://www.youtube.com/watch?v=_3s4IW4DiX8,Rising Health Insurance Premiums | What Investors should do?,2748,120,10
Yadnya Investment Academy,UCPohbSYq4IXhv0yxiy-sT4g,https://www.youtube.com/watch?v=rO5BfV0Rgf0,Why US Dollar may Fall? Impact on India,17996,679,46
Yadnya Investment Academy,UCPohbSYq4IXhv0yxiy-sT4g,https://www.youtube.com/watch?v=GhatJl63Rh8,Today's Stock Market News - 28/5/2025 | Aaj ki Taaza Khabar,14787,1115,37
The Urban Fight,UCMSI1Ck1mJOaxxwJ0bzrYhQ,https://www.youtube.com/watch?v=fs_1RqEKBRQ,How to open a Zerodha Account as an NRI?,2982,72,13
The Urban Fight,UCMSI1Ck1mJOaxxwJ0bzrYhQ,https://www.youtube.com/watch?v=82GOkPqlSFo,What to do after a Car Accident in Canada?,3194,72,9
The Urban Fight,UCMSI1Ck1mJOaxxwJ0bzrYhQ,https://www.youtube.com/watch?v=hRNhqsTAASk,Where to PARK CASH in 2025? | For Beginners | Canada,5586,149,23
The Urban Fight,UCMSI1Ck1mJOaxxwJ0bzrYhQ,https://www.youtube.com/watch?v=3ouUKCJWnf4,Who is the BEST Broker in Canada for BEGINNER Investors?,5228,120,20
The Urban Fight,UCMSI1Ck1mJOaxxwJ0bzrYhQ,https://www.youtube.com/watch?v=OrR7dBe5s4s,????How to buy your First Stock in Canada? | IBKR Full Tutorial 2025,19552,301,47
The Urban Fight,UCMSI1Ck1mJOaxxwJ0bzrYhQ,https://www.youtube.com/watch?v=Up5_lIfib00,What are TFSA and RRSP? | Canadian Finance for Beginners,7626,203,41
The Urban Fight,UCMSI1Ck1mJOaxxwJ0bzrYhQ,https://www.youtube.com/watch?v=owNUMZJLQto,2 Easy Steps to Help your Child pick a Career!  (6th-10th Grade),55699,1122,62
The Urban Fight,UCMSI1Ck1mJOaxxwJ0bzrYhQ,https://www.youtube.com/watch?v=S4mFy7_oRgI,Best Humanities Jobs in 2024 |  Highest Paying Humanities Careers,20317,714,40
The Urban Fight,UCMSI1Ck1mJOaxxwJ0bzrYhQ,https://www.youtube.com/watch?v=sMi3yLfDDtc,"Commerce Careers | Highest Paying Jobs, Courses, CA/CS Certifications and more..",26977,793,53
The Urban Fight,UCMSI1Ck1mJOaxxwJ0bzrYhQ,https://www.youtube.com/watch?v=XqbPKnPaRtE,How to choose a STREAM after 10th? | Simple 4 Step Method,15835,540,33
The Urban Fight,UCMSI1Ck1mJOaxxwJ0bzrYhQ,https://www.youtube.com/watch?v=HDhlXPBXwFA,IELTS 2024 Complete Course in 1 HOUR! (You won't need another video!),2858270,82688,1820
The Urban Fight,UCMSI1Ck1mJOaxxwJ0bzrYhQ,https://www.youtube.com/watch?v=rmJvLSUS4s0,Top 10 MS Excel Interview Q&A | Part 3 of 3 | Learn MS Excel in 2023 (with Download link),431872,11667,118
The Urban Fight,UCMSI1Ck1mJOaxxwJ0bzrYhQ,https://www.youtube.com/watch?v=Uy3LK0aJGP4,How to get MS Excel for FREE? | Part 1 of 3 | Complete MS Excel Tutorial 2023,201704,5848,194
The Urban Fight,UCMSI1Ck1mJOaxxwJ0bzrYhQ,https://www.youtube.com/watch?v=4Mft-zhm3PQ,Complete MS Excel Tutorial for Beginners | Part 2 of 3 | (with Download link),1075521,31358,651
The Urban Fight,UCMSI1Ck1mJOaxxwJ0bzrYhQ,https://www.youtube.com/watch?v=mu7T6PYUcBE,Interview Preparation Course: MOST-ASKED Questions with SAMPLE Answers,107029,1442,51
The Urban Fight,UCMSI1Ck1mJOaxxwJ0bzrYhQ,https://www.youtube.com/watch?v=7XA49rWNiqw,TOEFL FULL COURSE 2025 (Get Ready in 60 minutes!),373675,11311,429
The Urban Fight,UCMSI1Ck1mJOaxxwJ0bzrYhQ,https://www.youtube.com/watch?v=AGUSFqdZyfE,How to build a website using Wordpress? (Step-by-Step Tutorial) | Blog | Resume Website and more..,46538,1451,49
The Urban Fight,UCMSI1Ck1mJOaxxwJ0bzrYhQ,https://www.youtube.com/watch?v=MhFya94mLDI,7 Steps to Get a JOB after a Career Break (For Freshers + Experienced) | @GoogleIndia,330207,8581,477
The Urban Fight,UCMSI1Ck1mJOaxxwJ0bzrYhQ,https://www.youtube.com/watch?v=tjI-dE0cU4I,Creator Spotlight: The Urban Fight,2320511,8957,469
The Urban Fight,UCMSI1Ck1mJOaxxwJ0bzrYhQ,https://www.youtube.com/watch?v=tDmMOzNgTHI,"How to learn Day Trading as a Beginner in 2024?(ft. Nikhil Kamath) | Books to Read, Free Resources..",896451,44952,574
Neeraj Arora,UCt22CG7b9crZ0HDk1eTiJjA,https://www.youtube.com/watch?v=qoJyTsaC9iw,SQC-1 Revision | CA Final Audit ICAI September 2025/January 2026 Exams | Neeraj Arora,681,27,2
Neeraj Arora,UCt22CG7b9crZ0HDk1eTiJjA,https://www.youtube.com/watch?v=YfH8arSxRQE,How ICAI give Marks in Audit | How to Write Answers in Audit | ICAI Exams | Neeraj Arora,2842,146,14
Neeraj Arora,UCt22CG7b9crZ0HDk1eTiJjA,https://www.youtube.com/watch?v=3c1Gd-w0Ai4,CA Inter September 2025 Master Plan | 3 Months ICAI Exams Strategy with Revision | Neeraj Arora,19084,589,73
Neeraj Arora,UCt22CG7b9crZ0HDk1eTiJjA,https://www.youtube.com/watch?v=b1WSZP2plt4,How To Score 60 to 80 Marks In FM-SM | 1.5 Day Plan for FM SM | Neeraj Arora,14743,1146,339
Neeraj Arora,UCt22CG7b9crZ0HDk1eTiJjA,https://www.youtube.com/watch?v=W916ugdhzUc,How to prepare for CA Inter Audit in 1.5 Days | Target 60+ | ICAI May 2025 | Neeraj Arora,19977,1987,686
Neeraj Arora,UCt22CG7b9crZ0HDk1eTiJjA,https://www.youtube.com/watch?v=D4BP0xzTQLU,CA Final Important Chapters to cover in 1.5 Days | ICAI May 2025 Exam | Neeraj Arora,12931,470,29
Neeraj Arora,UCt22CG7b9crZ0HDk1eTiJjA,https://www.youtube.com/watch?v=WmTYalTw1I0,Last Minute Tips for CA Inter Advanced Accounts May 2025 Exams | CA Rahul Garg,5080,206,29
Neeraj Arora,UCt22CG7b9crZ0HDk1eTiJjA,https://www.youtube.com/watch?v=QtYoc0p93xA,Last thing before ICAI May 2025 Exams | All the best | ???? ?? ?? | MOTIVATION | Neeraj Arora,8471,1111,54
Neeraj Arora,UCt22CG7b9crZ0HDk1eTiJjA,https://www.youtube.com/watch?v=hRdSnZDM7VA,ICAI Mock Test Paper 2 | 30 Marks MCQs Super Fast Discussion | 20 Minutes Only | Neeraj Arora,12719,753,21
Neeraj Arora,UCt22CG7b9crZ0HDk1eTiJjA,https://www.youtube.com/watch?v=jBLmJoNnhec,Announcement for CA Inter Audit Students | ICAI May 2025 Exams | ?? DO NOT SKIP | Neeraj Arora,13057,767,74
Neeraj Arora,UCt22CG7b9crZ0HDk1eTiJjA,https://www.youtube.com/watch?v=eBJTuL9-ln8,CA Inter Audit Super Important Questions & Topics for May 2025 Exam | Neeraj Arora,49738,2121,427
Neeraj Arora,UCt22CG7b9crZ0HDk1eTiJjA,https://www.youtube.com/watch?v=UFYK10Qv3jg,Honest Review of CA Student's Papers | ICAI May 2025 Exams | Neeraj Arora,11066,668,55
Neeraj Arora,UCt22CG7b9crZ0HDk1eTiJjA,https://www.youtube.com/watch?v=5ODVxhmFzW8,May 2025 ICAI Result is Already Decided | CA Exams May 2025 | Neeraj Arora,20468,1216,121
Neeraj Arora,UCt22CG7b9crZ0HDk1eTiJjA,https://www.youtube.com/watch?v=Bfz-xY5rit0,?? ???? ??? ?????? ?? | MOTIVATION ICAI May 2025 Exams | Neeraj Arora,12915,1119,247
Neeraj Arora,UCt22CG7b9crZ0HDk1eTiJjA,https://www.youtube.com/watch?v=Qgkzifx1Um0,Productivity Hacks for Exams | How to Study for Long Hours | MOTIVATION | Neeraj Arora,13228,1172,48
Neeraj Arora,UCt22CG7b9crZ0HDk1eTiJjA,https://www.youtube.com/watch?v=z6SMG_jtCKs,CA Final Model Test Paper Analysis for May 2025 Exams | CA Final Audit | Neeraj Arora,4652,114,6
Neeraj Arora,UCt22CG7b9crZ0HDk1eTiJjA,https://www.youtube.com/watch?v=V0IhD9U5VyI,CA Results Reaction | AIR 14 Anusha Kedia,6385,257,20
Neeraj Arora,UCt22CG7b9crZ0HDk1eTiJjA,https://www.youtube.com/watch?v=_E1lE_miBdg,ICAI Launched Model Test Papers for May 25 Exams | CA Inter Audit | Neeraj Arora,13047,520,204
Neeraj Arora,UCt22CG7b9crZ0HDk1eTiJjA,https://www.youtube.com/watch?v=Rz5e2H-yQnI,Prepare for CA Final Audit Nov 2025 & Onwards with me | Quick Update | Neeraj Arora,2647,67,33
Neeraj Arora,UCt22CG7b9crZ0HDk1eTiJjA,https://www.youtube.com/watch?v=YlNJTNP8FeY,Honest Talk with CA Students for May 2025 Exams | MOTIVATION | Neeraj Arora,17372,1075,132
Malkansview,UCKxWWqBQZYKTA01GkyQdMHA,https://www.youtube.com/watch?v=YagCarYavg8,How to Identify a No Trade Zone? I Tuesday Technical Talk I Vishal B Malkan,12697,1271,57
Malkansview,UCKxWWqBQZYKTA01GkyQdMHA,https://www.youtube.com/watch?v=TQeipreR9Go,The 6 Pillars to Becoming a Superteen (Here's Your Chance!) I Yuva Gurukool I Vishal B Malkan,1442,103,3
Malkansview,UCKxWWqBQZYKTA01GkyQdMHA,https://www.youtube.com/watch?v=YflymVyjHR8,2 Days That Can Change Your Teen's Life! I Yuva Gurukool I Vishal B Malkan I Meghana V Malkan,2770,140,2
Malkansview,UCKxWWqBQZYKTA01GkyQdMHA,https://www.youtube.com/watch?v=8j5eKcOEXPk,"Nifty, Bank Nifty & Sector Analysis for June 2025 I Tuesday Technical Talk I Vishal B Malkan",31954,2523,107
Malkansview,UCKxWWqBQZYKTA01GkyQdMHA,https://www.youtube.com/watch?v=ekQfyIIkSnk,Bootcamp Se Life Upgrade!(Special Podcast with Superteens) | Yuva Gurukool | Vishal Malkan,3515,190,6
Malkansview,UCKxWWqBQZYKTA01GkyQdMHA,https://www.youtube.com/watch?v=YZzgW4bOZ34,How Yuva Gurukool Turned a 9-Year-Old into a Leader I Yuva Gurukool I Vishal & Meghana Malkan,2931,153,5
Malkansview,UCKxWWqBQZYKTA01GkyQdMHA,https://www.youtube.com/watch?v=z_qTekbyhV8,Nifty Stuck in Range � Kya June Mein Breakout Hoga? I Tuesday Technical Talk I Vishal B Malkan,28316,2110,96
Malkansview,UCKxWWqBQZYKTA01GkyQdMHA,https://www.youtube.com/watch?v=ljplTZp1SN0,The Secret Power of Compound Interest! I Ep#4 I Yuva Gurukool I Vishal B Malkan,3687,233,8
Malkansview,UCKxWWqBQZYKTA01GkyQdMHA,https://www.youtube.com/watch?v=mKzqTlpqmFA,This One Decision Changed My Daughter�s Life I Yuva Gurukool I VIshal B Malkan,3798,141,10
Malkansview,UCKxWWqBQZYKTA01GkyQdMHA,https://www.youtube.com/watch?v=RnqzR1iZzD0,Banknifty Breakout or Breakdown? ?? ?? ??? Moment! ?? | Tuesday Technical Talk | Vishal B Malkan,30851,2259,106
Malkansview,UCKxWWqBQZYKTA01GkyQdMHA,https://www.youtube.com/watch?v=hI_qArakeCg,"Sirf ?10,000 Invest Karke ?100 Cr? |  ft. Gajendra Kothari | Vishal B Malkan |  Wealth & Beyond Show",55540,1786,140
Malkansview,UCKxWWqBQZYKTA01GkyQdMHA,https://www.youtube.com/watch?v=XgosLAofMWY,What is Simple Interest? A Step-by-Step Guide I Ep#3 IYuva Gurukool I Vishal B Malkan,2185,155,3
Malkansview,UCKxWWqBQZYKTA01GkyQdMHA,https://www.youtube.com/watch?v=v737hCAfdfc,This Program Changed My Life When I Was in 8th Standard! I Yuva Gurukool I Vishal B Malkan,2575,143,2
Malkansview,UCKxWWqBQZYKTA01GkyQdMHA,https://www.youtube.com/watch?v=XJ-ZX-wr81k,Major Reversal Signal In NIFTY | Tuesday Technical Talk | Vishal B Malkan,43703,2914,113
Malkansview,UCKxWWqBQZYKTA01GkyQdMHA,https://www.youtube.com/watch?v=piyNs_L_7Qg,How Banks Make Money From YOUR Savings! I Ep#2 I Yuva Gurukool I Vishal B Malkan,4386,295,14
Malkansview,UCKxWWqBQZYKTA01GkyQdMHA,https://www.youtube.com/watch?v=RYxj21bQvHI,This Changed Her Life at 15 I Yuva Gurukool I Vishal B Malkan,3193,149,2
Malkansview,UCKxWWqBQZYKTA01GkyQdMHA,https://www.youtube.com/watch?v=ceq24h0ihk8,Golden Ratio ???? ???? ??? | Tuesday Technical Talk I Vishal B Malkan,32854,2233,108
Malkansview,UCKxWWqBQZYKTA01GkyQdMHA,https://www.youtube.com/watch?v=lTtCSRaZkW0,"If You�re a Teenager, STOP Doing This With Money I Ep#1 I Yuva Gurukool I Vishal B Malkan",4519,295,20
Malkansview,UCKxWWqBQZYKTA01GkyQdMHA,https://www.youtube.com/watch?v=FUS8KKRC2hs,15 ??? ?? ???? ???? ??? Author? I Yuva Gurukool I VIshal B Malkan,5338,337,7
Malkansview,UCKxWWqBQZYKTA01GkyQdMHA,https://www.youtube.com/watch?v=g0vK0Gfnwyw,Understand Volume Patterns and Learn to Spot High-Potential Stocks I Tuesday Technical Talk I Vishal,37969,2465,146
Booming Bulls,UC2sIhf108S02F0Qlb2a88eQ,https://www.youtube.com/watch?v=V4fYRC5sZYE,Best Indicator for Intraday Trading in Trading View!,68716,4474,241
Booming Bulls,UC2sIhf108S02F0Qlb2a88eQ,https://www.youtube.com/watch?v=kakFchv-ylo,This Strategy will make you Profitable! ??,103115,6953,405
Booming Bulls,UC2sIhf108S02F0Qlb2a88eQ,https://www.youtube.com/watch?v=5glwOHR6nEA,5 Steps for Perfect Trading Entry !??,79638,6801,363
Booming Bulls,UC2sIhf108S02F0Qlb2a88eQ,https://www.youtube.com/watch?v=7LVH5e6XDiE,Top 5 Technical Mistakes Traders make in Trading!,78599,5615,290
Booming Bulls,UC2sIhf108S02F0Qlb2a88eQ,https://www.youtube.com/watch?v=ZenGgWgvINQ,Why Most Traders FAIL - Avoid These Mistakes!,73279,6104,330
Booming Bulls,UC2sIhf108S02F0Qlb2a88eQ,https://www.youtube.com/watch?v=jpdXGnhLfOc,Why Most Traders Lose on Expiry Day! ??,25961,1864,227
Booming Bulls,UC2sIhf108S02F0Qlb2a88eQ,https://www.youtube.com/watch?v=-nJR2VqE7wg,Psychological Mistakes in Trading!??,88504,8681,470
Booming Bulls,UC2sIhf108S02F0Qlb2a88eQ,https://www.youtube.com/watch?v=DI3ydbq9b6M,Secret Trap Trading Strategy REVEALED!,103257,6597,1523
Booming Bulls,UC2sIhf108S02F0Qlb2a88eQ,https://www.youtube.com/watch?v=61LsfgoRJFk,Options OI is a TRAP!,31050,2283,206
Booming Bulls,UC2sIhf108S02F0Qlb2a88eQ,https://www.youtube.com/watch?v=6cdUpi_MWiQ,Why SCALPING will Destroy your Trading Career!,110824,11055,516
Booming Bulls,UC2sIhf108S02F0Qlb2a88eQ,https://www.youtube.com/watch?v=kz6psLYLrb0,How to Shift from Indian Market to Forex Market?,92965,4693,403
Booming Bulls,UC2sIhf108S02F0Qlb2a88eQ,https://www.youtube.com/watch?v=Y8EkK0HTJMk,BEST JOB OPPORTUNITY FOR TRADERS!,172019,10795,1111
Booming Bulls,UC2sIhf108S02F0Qlb2a88eQ,https://www.youtube.com/watch?v=1O0inL_IjUU,BEST ADVICE FOR NEW TRADERS!,113835,7088,465
Booming Bulls,UC2sIhf108S02F0Qlb2a88eQ,https://www.youtube.com/watch?v=VeRFSaOj6S4,How to use Price Action in Stock Market?,80570,3737,219
Booming Bulls,UC2sIhf108S02F0Qlb2a88eQ,https://www.youtube.com/watch?v=HxBwAconvqA,How to TRADE GOLD LIKE A PRO?,195035,9804,419
Booming Bulls,UC2sIhf108S02F0Qlb2a88eQ,https://www.youtube.com/watch?v=gOolJpAT1ew,BEST TRADING JOURNAL! ??,164387,10115,672
Booming Bulls,UC2sIhf108S02F0Qlb2a88eQ,https://www.youtube.com/watch?v=Job5BLRLCPs,How to Deposit and Withdraw USDT on Exness?,337631,13659,462
Booming Bulls,UC2sIhf108S02F0Qlb2a88eQ,https://www.youtube.com/watch?v=jvzd7UPlb5Y,Best Intraday Trading Strategy!?? || Sniper Headshot Entry,523779,36846,2449
Booming Bulls,UC2sIhf108S02F0Qlb2a88eQ,https://www.youtube.com/watch?v=LnVRWQqfIZs,What is Liquidity in Trading? || Liquidity Sweep�Explained,542726,32384,2755
Booming Bulls,UC2sIhf108S02F0Qlb2a88eQ,https://www.youtube.com/watch?v=tT5zA0o0Zzs,What is FAIR VALUE GAP & Inverse FVG ?,344150,23471,2328
MarketGurukul,UC6ZkHcW5QQubZ-Q6XYINE3Q,https://www.youtube.com/watch?v=SXRvsDsUQEU,What is Hedging in Trading   Simple and Safe Trading,2509,262,154
MarketGurukul,UC6ZkHcW5QQubZ-Q6XYINE3Q,https://www.youtube.com/watch?v=1qL8rkPkMmE,Market Gurukul 2.0  ?????????,5886,786,434
MarketGurukul,UC6ZkHcW5QQubZ-Q6XYINE3Q,https://www.youtube.com/watch?v=4oTTtGLKWR8,Happy New Year 2024 ?? God bless you all ??,8059,634,392
MarketGurukul,UC6ZkHcW5QQubZ-Q6XYINE3Q,https://www.youtube.com/watch?v=C--WqV0_4Yk,"March 24, 2022",35404,844,174
MarketGurukul,UC6ZkHcW5QQubZ-Q6XYINE3Q,https://www.youtube.com/watch?v=s1gxQZj9NQg,Open Interest & PCR to Understand the Markets - Live Examples,30608,876,156
MarketGurukul,UC6ZkHcW5QQubZ-Q6XYINE3Q,https://www.youtube.com/watch?v=_-Qs4OT6vdI,Profiting with OI and PCR data,21152,618,98
MarketGurukul,UC6ZkHcW5QQubZ-Q6XYINE3Q,https://www.youtube.com/watch?v=j5Yy8Qe3_ts,Options Trading Part 2,30099,904,61
MarketGurukul,UC6ZkHcW5QQubZ-Q6XYINE3Q,https://www.youtube.com/watch?v=Ma5QMJmCBwY,Options Trading Part One - Basics & Intro,57516,2457,149
MarketGurukul,UC6ZkHcW5QQubZ-Q6XYINE3Q,https://www.youtube.com/watch?v=IXrS8ooJZFk,Options Trading Special Session,22537,1934,737
MarketGurukul,UC6ZkHcW5QQubZ-Q6XYINE3Q,https://www.youtube.com/watch?v=nBiIBRexV90,Lockdown Special Training Program by StoxKart,70574,3641,906
MarketGurukul,UC6ZkHcW5QQubZ-Q6XYINE3Q,https://www.youtube.com/watch?v=HERb97BaaR8,"Hi Friends, Lets do something Great ????",39492,2995,1294
MarketGurukul,UC6ZkHcW5QQubZ-Q6XYINE3Q,https://www.youtube.com/watch?v=waPaDKVZQ_M,How to Pick Easy & Best Stocks for Intraday Trading,119955,3667,725
MarketGurukul,UC6ZkHcW5QQubZ-Q6XYINE3Q,https://www.youtube.com/watch?v=5_dtnPEQivw,7 Greatest Intraday Trading Mistakes,273060,9671,1123
MarketGurukul,UC6ZkHcW5QQubZ-Q6XYINE3Q,https://www.youtube.com/watch?v=OQb9dt7UHKc,What is Open Interest   Simple & Easy,144754,3821,326
MarketGurukul,UC6ZkHcW5QQubZ-Q6XYINE3Q,https://www.youtube.com/watch?v=wzVRJcP1xxk,What is the Right Time to Trade - Intraday Trading,119717,3146,361
MarketGurukul,UC6ZkHcW5QQubZ-Q6XYINE3Q,https://www.youtube.com/watch?v=99sXPRg8boY,Free Live Charts for Indian Stocks on Android App,37999,1124,375
MarketGurukul,UC6ZkHcW5QQubZ-Q6XYINE3Q,https://www.youtube.com/watch?v=TCW64CscAtM,Back with A Bang Tomorrow... Thank 'YOU' All for your Love and Support.,13400,1019,400
MarketGurukul,UC6ZkHcW5QQubZ-Q6XYINE3Q,https://www.youtube.com/watch?v=_d94SlxZzH4,Multi Time Frame Analysis for Higher Profits - MACD Hindi,141524,3068,379
MarketGurukul,UC6ZkHcW5QQubZ-Q6XYINE3Q,https://www.youtube.com/watch?v=zUQSxpjVikQ,Doubled his Account in just 2 Months with Simple Trading - Success Story,82360,1865,253
MarketGurukul,UC6ZkHcW5QQubZ-Q6XYINE3Q,https://www.youtube.com/watch?v=0TFO4cGAkPo,How Bhaskar doubled his Account in 6 months!!! While on a Job,63458,1231,209
Sahil Khanna,UC_s0g4QdprLkyyN2MDpef7Q,https://www.youtube.com/watch?v=TEH5fxShkFE,How Two College Students made 100+ Cr Company | Sahil Khanna,3148,148,36
Sahil Khanna,UC_s0g4QdprLkyyN2MDpef7Q,https://www.youtube.com/watch?v=f5xIawcfJ1k,"Still Chasing Task Updates, Eliminate Coordination and Follow Ups | Sahil Khanna",5666,237,38
Sahil Khanna,UC_s0g4QdprLkyyN2MDpef7Q,https://www.youtube.com/watch?v=eZBixZQVVKE,"Real Business Ideas for 2025 - Low Investment, High Profit | Sahil Khanna",57034,2833,134
Sahil Khanna,UC_s0g4QdprLkyyN2MDpef7Q,https://www.youtube.com/watch?v=zO3uJlDt37U,Amul ?? ?? Business Strategy ?? MBA ??? ???? ????? ????! Case Study | Sahil Khanna,10968,451,30
Sahil Khanna,UC_s0g4QdprLkyyN2MDpef7Q,https://www.youtube.com/watch?v=eIJAki0o5ik,SEO DEAD? He Makes ?1 Lakh/Month from News Blog! ft. @SatishKVideos,68621,2153,150
Sahil Khanna,UC_s0g4QdprLkyyN2MDpef7Q,https://www.youtube.com/watch?v=FcmiWS7Rs-8,Business Staff ?? ???? ????! Sales System Banao! | Sales Ka Scientific Formula (7S Framework),0,359,30
Sahil Khanna,UC_s0g4QdprLkyyN2MDpef7Q,https://www.youtube.com/watch?v=63rxekmFrvs,Startups ?? Scam Machines ?? ?? ???? Dark Reality of Indian Unicorns | Startup Bubble | Case Study,36889,1076,99
Sahil Khanna,UC_s0g4QdprLkyyN2MDpef7Q,https://www.youtube.com/watch?v=bdRmBpb6ifQ,Physics Wallah ?? Downfall ???? ?? ???? ??? Case Study | Sahil Khanna,534388,8140,1582
Sahil Khanna,UC_s0g4QdprLkyyN2MDpef7Q,https://www.youtube.com/watch?v=oxvVByv4rD0,Why Employees Quit and How to Stop It! | Sahil Khanna,0,206,24
Sahil Khanna,UC_s0g4QdprLkyyN2MDpef7Q,https://www.youtube.com/watch?v=rG-IvznYTYs,7000 Cr ?? ????? ?? 1400 Cr ??? ????? ????? ????? | Ecom Express Case Study,87803,1402,103
Sahil Khanna,UC_s0g4QdprLkyyN2MDpef7Q,https://www.youtube.com/watch?v=tFnZRfM3Ysw,OneAssist Claim Scam Exposed!,34022,1945,346
Sahil Khanna,UC_s0g4QdprLkyyN2MDpef7Q,https://www.youtube.com/watch?v=HRCB7mpj_QE,"Nykaa ???? ??, Naukri ?? ???? ???! Good Glamm ?? ????? | Beauty Unicorn Collapsed | Case Study",12090,461,43
Sahil Khanna,UC_s0g4QdprLkyyN2MDpef7Q,https://www.youtube.com/watch?v=YWF1rXKyJgQ,"Startup Fail Nahi Hote, Galat Log Fail Karwate Hain! | System Se Team Banao | Sahil Khanna",0,367,29
Sahil Khanna,UC_s0g4QdprLkyyN2MDpef7Q,https://www.youtube.com/watch?v=XWzVoCehLNQ,Secret Business Model Of Meesho | Case Study | Sahil Khanna,25473,941,61
Sahil Khanna,UC_s0g4QdprLkyyN2MDpef7Q,https://www.youtube.com/watch?v=wGWtB9SjQBU,Why Most Founders Become Their Own Employees | Sahil Khanna,0,437,33
Sahil Khanna,UC_s0g4QdprLkyyN2MDpef7Q,https://www.youtube.com/watch?v=UfoV6MaIzCQ,How Mukesh Ambani is Planning to DESTROY Coca-Cola with Campa Cola | Case Study | Sahil Khanna,17603,640,88
Sahil Khanna,UC_s0g4QdprLkyyN2MDpef7Q,https://www.youtube.com/watch?v=D5PTUZUXtQU,"Delegation sikho, warna growth ruk jaayegi! Sahil Khanna",0,438,38
Sahil Khanna,UC_s0g4QdprLkyyN2MDpef7Q,https://www.youtube.com/watch?v=0qKGGmv3t4s,How to Turn Any Idea into a Real Product Using Design Thinking| Problem Solving Masterclass,6614,313,14
Sahil Khanna,UC_s0g4QdprLkyyN2MDpef7Q,https://www.youtube.com/watch?v=KcVEsUfxjeM,Business Grow Karna Hai? Pehle Yeh 5 Cheezein Set Karo,0,1023,52
Sahil Khanna,UC_s0g4QdprLkyyN2MDpef7Q,https://www.youtube.com/watch?v=OqVbvK85fwo,Struggling in Life? Find Your True Life Purpose | Proven Method,11019,574,34
B Wealthy,UCthN3CTgZY0WIE9A5u1Qcew,https://www.youtube.com/watch?v=HEk30YA5O2w,"????? ???? ?? CFP ?? ????, How to become a Certified Financial Planner? | B WEALTHY",12312,477,71
B Wealthy,UCthN3CTgZY0WIE9A5u1Qcew,https://www.youtube.com/watch?v=0IgRb63hWXY,5 Steps to Save your Bank FD Investment from a Crash | Fixed Deposit fraud | B Wealthy,33632,899,101
B Wealthy,UCthN3CTgZY0WIE9A5u1Qcew,https://www.youtube.com/watch?v=DSD_6V0P26Q,30 ??? ?? home loan prepayment ???? ?? mutual fund ??? SWP ???? 30 ???? EMI ???? ?,7035,253,22
B Wealthy,UCthN3CTgZY0WIE9A5u1Qcew,https://www.youtube.com/watch?v=89rM6CPSBe0,"????? ??? ??? ??? ?????? ???????????, ???? ????? ??? ??? |  DSP MF Anil Ghelani | Swati B wealthy",4164,188,14
B Wealthy,UCthN3CTgZY0WIE9A5u1Qcew,https://www.youtube.com/watch?v=R8rauZ5acZI,???? ???? ?????? ?? ??? ?????: Expert Advice on how to do invest | B Wealthy,14410,408,31
B Wealthy,UCthN3CTgZY0WIE9A5u1Qcew,https://www.youtube.com/watch?v=CSaVR0Zbwmg,Financial Independence ???? ???? | How to stop Financial Bullying/ Financial Abuse?,6925,292,50
B Wealthy,UCthN3CTgZY0WIE9A5u1Qcew,https://www.youtube.com/watch?v=3uH9oXZOTWs,???? ?? ???? ??? ?????? ???? ????? ?? ??? ?? ???????? ???| Groww Silver ETF NFO 2 -16 May 2025,7348,241,27
B Wealthy,UCthN3CTgZY0WIE9A5u1Qcew,https://www.youtube.com/watch?v=LG3EjcL4xgE,"Retirement planning to get rupees 1.5 lakh monthly | B Wealthy , Financial plan",20844,452,34
B Wealthy,UCthN3CTgZY0WIE9A5u1Qcew,https://www.youtube.com/watch?v=b8C6MDmh7QA,Top 5 Mutual Funds for  investment in 2025 | B Wealthy,32695,1054,110
B Wealthy,UCthN3CTgZY0WIE9A5u1Qcew,https://www.youtube.com/watch?v=TsB4hLXakHU,April to July Financial Plan 2025 | Step-by-Step Guide for Indians | Bwealthy,10625,447,54
B Wealthy,UCthN3CTgZY0WIE9A5u1Qcew,https://www.youtube.com/watch?v=ipMKiMf7pzM,"Beti Ki Padhai, Apni Retirement � Paise Kaise Badhain? Ft Rushabh Desai| B wealthy",12412,293,22
B Wealthy,UCthN3CTgZY0WIE9A5u1Qcew,https://www.youtube.com/watch?v=XeBalUcrS9E,Unclaimed Money in Mutual Funds & Banks: DigiLocker Nominee Access Explained| Swati Kumari,4351,273,29
B Wealthy,UCthN3CTgZY0WIE9A5u1Qcew,https://www.youtube.com/watch?v=TTKw-qZDbqU,Retirement Planning: How to withdraw Monthly income from retirement corpus,48185,1066,109
B Wealthy,UCthN3CTgZY0WIE9A5u1Qcew,https://www.youtube.com/watch?v=uUgdhvK2It4,Complete Retirment Planning: Insights from Successful Retirees for a Fulfilling Retirement,50013,983,118
B Wealthy,UCthN3CTgZY0WIE9A5u1Qcew,https://www.youtube.com/watch?v=Pulk4p2FfJU,Retire at 40: the guide to early financial freedom \ How to invest and where to invest,28314,567,81
B Wealthy,UCthN3CTgZY0WIE9A5u1Qcew,https://www.youtube.com/watch?v=KkQgaDy_D8A,Moderate risk retirement planning for 55 year old: BAF Vs Agrressive Hybrid Vs Multi Asset fund,18017,729,69
B Wealthy,UCthN3CTgZY0WIE9A5u1Qcew,https://www.youtube.com/watch?v=ooeuRobTUmw,Retirement Planning for a 40-Year-Old Aggressive Investor | Do's & Don'ts of DIY Portfolio,51343,902,94
B Wealthy,UCthN3CTgZY0WIE9A5u1Qcew,https://www.youtube.com/watch?v=zNakfgUNPIs,Mutual Fund loss - How to invest when faced with loss or fraud? | Mutual Fund strategy,14438,613,71
B Wealthy,UCthN3CTgZY0WIE9A5u1Qcew,https://www.youtube.com/watch?v=1TZmRxc24Ao,Leave Equity Mutual Funds if you don't understand this about market | B Wealthy Mutual fund,73172,2161,314
B Wealthy,UCthN3CTgZY0WIE9A5u1Qcew,https://www.youtube.com/watch?v=-UInqX1AP3E,Indian Equity Market Crash: Is Now the Right Time to Invest in Mutual Fund NFOs?,17330,481,112
Nitin Bhatia,UCqvVj1LkOpA8tjb7RadTvOg,https://www.youtube.com/watch?v=2iWNnjd1UII,Chapter 1:  Introduction,0,1,0
Nitin Bhatia,UCqvVj1LkOpA8tjb7RadTvOg,https://www.youtube.com/watch?v=1gbv3J0EFd0,Chapter 2 (1):  Basic Concepts,0,3,0
Nitin Bhatia,UCqvVj1LkOpA8tjb7RadTvOg,https://www.youtube.com/watch?v=GzgoEB7_P8k,Chapter 2 (2): Why Technical Analysis Fail?,0,3,0
Nitin Bhatia,UCqvVj1LkOpA8tjb7RadTvOg,https://www.youtube.com/watch?v=RcgTj-hTA_Q,Chapter 2 (3): Stage 1 of Stock,0,4,0
Nitin Bhatia,UCqvVj1LkOpA8tjb7RadTvOg,https://www.youtube.com/watch?v=pmnFl4uLNgY,Chapter 2 (4): Stage 2 of Stock,0,4,0
Nitin Bhatia,UCqvVj1LkOpA8tjb7RadTvOg,https://www.youtube.com/watch?v=bfBwtKB0HHY,Chapter 2 (5): Stage 3 of Stock,0,1,0
Nitin Bhatia,UCqvVj1LkOpA8tjb7RadTvOg,https://www.youtube.com/watch?v=KbGeMruIyEs,Chapter 2 (6) - Stage 4 of Stock,0,4,0
Nitin Bhatia,UCqvVj1LkOpA8tjb7RadTvOg,https://www.youtube.com/watch?v=8lvRC4ilFFQ,Chapter 3: Stock Selection Criterion,0,2,0
Nitin Bhatia,UCqvVj1LkOpA8tjb7RadTvOg,https://www.youtube.com/watch?v=WN4DxGPhvZY,Chapter 4: Create a Master List,0,2,0
Nitin Bhatia,UCqvVj1LkOpA8tjb7RadTvOg,https://www.youtube.com/watch?v=6iG0Rh6I8O4,Chapter 5: Smart Money Activity,0,2,0
Nitin Bhatia,UCqvVj1LkOpA8tjb7RadTvOg,https://www.youtube.com/watch?v=gtAQtPlYAgc,Chapter 6: Accumulation and Distribution,0,3,0
Nitin Bhatia,UCqvVj1LkOpA8tjb7RadTvOg,https://www.youtube.com/watch?v=lxyLM7hTDM8,Chapter 7: Identify Speculative Activity,0,2,0
Nitin Bhatia,UCqvVj1LkOpA8tjb7RadTvOg,https://www.youtube.com/watch?v=3qOyU9VKj7w,Chapter 8: Entry Exit and Stop Loss,0,1,0
Nitin Bhatia,UCqvVj1LkOpA8tjb7RadTvOg,https://www.youtube.com/watch?v=VAXn215UBX4,Chapter 9: Important Points,0,2,0
Nitin Bhatia,UCqvVj1LkOpA8tjb7RadTvOg,https://www.youtube.com/watch?v=dBn6ihID1pc,7 Reasons for LOSS in Rangebound Market,12371,492,54
Nitin Bhatia,UCqvVj1LkOpA8tjb7RadTvOg,https://www.youtube.com/watch?v=mQdfFeo3puc,Call and Put Premium Discrepancy,9919,382,39
Nitin Bhatia,UCqvVj1LkOpA8tjb7RadTvOg,https://www.youtube.com/watch?v=QHp9dYKvZe8,Forward and Backtesting of Trading Strategies,5818,288,28
Nitin Bhatia,UCqvVj1LkOpA8tjb7RadTvOg,https://www.youtube.com/watch?v=pZzHw8P1QIU,Long Squeeze Explained,4350,260,12
Nitin Bhatia,UCqvVj1LkOpA8tjb7RadTvOg,https://www.youtube.com/watch?v=nFPKrY-VF3w,SEBI Recommendations,5670,302,20
Nitin Bhatia,UCqvVj1LkOpA8tjb7RadTvOg,https://www.youtube.com/watch?v=_7bYZww0C8U,Gold Beats Nifty,3650,240,20
Ghanshyam Tech,UCw4496t84F_8HvhQPwtmWpQ,https://www.youtube.com/watch?v=QEuKcY5kBoc,Channel Trading Setup In Nifty,110764,7575,681
Ghanshyam Tech,UCw4496t84F_8HvhQPwtmWpQ,https://www.youtube.com/watch?v=tnpcS8WvgRs,Bull Ho Gaya Blast !! Nifty 15 Min Chart Analysis,69649,6563,673
Ghanshyam Tech,UCw4496t84F_8HvhQPwtmWpQ,https://www.youtube.com/watch?v=4PAcHN-gi08,Nifty 15 Min Chart Analysis For Friday !! Nifty  Key Point For Tomorrow,59659,6035,358
Ghanshyam Tech,UCw4496t84F_8HvhQPwtmWpQ,https://www.youtube.com/watch?v=K8SvVIhYfOQ,Nifty Key Point For Expiry Move !! Nifty Expiry Setup,50888,5510,384
Ghanshyam Tech,UCw4496t84F_8HvhQPwtmWpQ,https://www.youtube.com/watch?v=pn9HblxoT0k,Nifty Key Point For Next Move,55096,5912,394
Ghanshyam Tech,UCw4496t84F_8HvhQPwtmWpQ,https://www.youtube.com/watch?v=muC6YE33gw4,Nifty ka kohram !! Nifty breakdown,57400,5709,311
Ghanshyam Tech,UCw4496t84F_8HvhQPwtmWpQ,https://www.youtube.com/watch?v=KMCHjRGvgAI,Sensex Monthly Expiry Analysis !! Expiry Move,29379,3176,208
Ghanshyam Tech,UCw4496t84F_8HvhQPwtmWpQ,https://www.youtube.com/watch?v=TNwSUY3cQc4,?????? ?? ??? ?????? !! Nifty Chart Analysis For Monday,81288,6873,698
Ghanshyam Tech,UCw4496t84F_8HvhQPwtmWpQ,https://www.youtube.com/watch?v=HM-KDIaNCHY,Nifty Friday Chart Analysis !! Nifty 15 Min Chart Analysis Opening Setup,54393,5639,459
Ghanshyam Tech,UCw4496t84F_8HvhQPwtmWpQ,https://www.youtube.com/watch?v=WkIwQgQk6LU,Nifty Sharp Move Expiry Analysis,66615,6462,472
Ghanshyam Tech,UCw4496t84F_8HvhQPwtmWpQ,https://www.youtube.com/watch?v=Z1jg3XkH6SM,Nifty Close Above 5 Day High !! Nifty Next Move Analysis,49931,5345,314
Ghanshyam Tech,UCw4496t84F_8HvhQPwtmWpQ,https://www.youtube.com/watch?v=xc-K1us631Q,Sensex Weekly Expiry !! Key Point Of Expiry,31743,4995,776
Ghanshyam Tech,UCw4496t84F_8HvhQPwtmWpQ,https://www.youtube.com/watch?v=yylhee_bjbk,Nifty Monday Movement !! Nifty 15 Min Chart Analysis Opening Setup,51879,5509,334
Ghanshyam Tech,UCw4496t84F_8HvhQPwtmWpQ,https://www.youtube.com/watch?v=mhPy6WyEr3Q,Analysis of The Entire Week In One Video !! Ghanshyamtech,54857,5921,398
Ghanshyam Tech,UCw4496t84F_8HvhQPwtmWpQ,https://www.youtube.com/watch?v=J24te3ZPJw0,Nifty Chart Setup For Friday,63838,6702,492
Ghanshyam Tech,UCw4496t84F_8HvhQPwtmWpQ,https://www.youtube.com/watch?v=2MGUsjJ6DtA,Nifty Expiry Analysis !! Nifty NEXT Move on Chart,62865,6685,389
Ghanshyam Tech,UCw4496t84F_8HvhQPwtmWpQ,https://www.youtube.com/watch?v=JodbXVafoC4,Nifty 15 Min Chart Analysis Opening Setup !! Inside Candle in Nifty,54524,5790,303
Ghanshyam Tech,UCw4496t84F_8HvhQPwtmWpQ,https://www.youtube.com/watch?v=3U4L_5z-zy4,Nifty Chart Analysis & Key Point !! ?? ?? ?????? ???? ??? ??? ??,63169,6293,582
Ghanshyam Tech,UCw4496t84F_8HvhQPwtmWpQ,https://www.youtube.com/watch?v=PlaammS6Eg8,Nifty  Close Near Critical Zone !! ?????? ????? ????? ???? ???? ??? ??,61085,6489,325
Ghanshyam Tech,UCw4496t84F_8HvhQPwtmWpQ,https://www.youtube.com/watch?v=5bnBH8LuBGU,Nifty Chart Analysis And Next Move Psychology !! Chart Pattern Analysis,65595,6846,524
Conduira's International Admissions Consultancy,UCJLuHmLtOWbB5zurCbmuPDg,https://www.youtube.com/watch?v=CJsTnWww7aE,US Student Visa: Common Questions & How to Build Approval Winning Answers,186,5,9
Conduira's International Admissions Consultancy,UCJLuHmLtOWbB5zurCbmuPDg,https://www.youtube.com/watch?v=NR-MG918khU,? How to Fill DS-160 Form | Complete Step-by-Step Guide for U.S. Visa Application 2025-With Timeline,683,5,8
Conduira's International Admissions Consultancy,UCJLuHmLtOWbB5zurCbmuPDg,https://www.youtube.com/watch?v=CusguEeHobA,"U.S Student Visa Guide: College Offers, Visa Slots & Scholarships Explained!",173,14,3
Conduira's International Admissions Consultancy,UCJLuHmLtOWbB5zurCbmuPDg,https://www.youtube.com/watch?v=aP-bsLU7dg0,Introduction to the Webinar on - Ace Your US Visa Interview!,34,0,0
Conduira's International Admissions Consultancy,UCJLuHmLtOWbB5zurCbmuPDg,https://www.youtube.com/watch?v=dfYoyT3m2FU,Introduction to the Webinar on Mastering the Art of S.O.P Writing,37,0,0
Conduira's International Admissions Consultancy,UCJLuHmLtOWbB5zurCbmuPDg,https://www.youtube.com/watch?v=rt-PCxuvRTQ,Introduction to the Webinar on the U.S.Visa Process on 06-Oct @ 10:00 AM,7723,31,0
Conduira's International Admissions Consultancy,UCJLuHmLtOWbB5zurCbmuPDg,https://www.youtube.com/watch?v=YpeAlX1m7bg,Introduction to the Webinar on Education in the United Kingdom,43,0,0
Conduira's International Admissions Consultancy,UCJLuHmLtOWbB5zurCbmuPDg,https://www.youtube.com/watch?v=UrhhdGFEHus,Introduction to the Weekly Insights scheduled o 22-Sep-2024,52,0,0
Conduira's International Admissions Consultancy,UCJLuHmLtOWbB5zurCbmuPDg,https://www.youtube.com/watch?v=CfTAqWqGtHc,Australian Visa APPROVED... Literally Instantly?!,836,4,1
Conduira's International Admissions Consultancy,UCJLuHmLtOWbB5zurCbmuPDg,https://www.youtube.com/watch?v=txt2ORNfY2k,Is Wales the Right Fit for your IT Career.mp4,46,1,0
Conduira's International Admissions Consultancy,UCJLuHmLtOWbB5zurCbmuPDg,https://www.youtube.com/watch?v=sfR1Ghpc_MQ,Why are you Defensive in your Study Abroad Plans? Don't Compromise!,141,2,3
Conduira's International Admissions Consultancy,UCJLuHmLtOWbB5zurCbmuPDg,https://www.youtube.com/watch?v=rbfnZIpPcKI,90% of Jobs Filled Through Networking! Master Public Speaking to Build Your Network (& Your Career),56,2,0
Conduira's International Admissions Consultancy,UCJLuHmLtOWbB5zurCbmuPDg,https://www.youtube.com/watch?v=Ljo54IC-nL8,US Visa Slots OPENED!!.mp4,118,3,0
Conduira's International Admissions Consultancy,UCJLuHmLtOWbB5zurCbmuPDg,https://www.youtube.com/watch?v=h0Pr2JYpqWc,GRE - Verbal Reasoning - Text Completion & Sentence Equivalence (SC 03),63,0,0
Conduira's International Admissions Consultancy,UCJLuHmLtOWbB5zurCbmuPDg,https://www.youtube.com/watch?v=lm3FMTlc-yQ,Spring 2024 admissions,414,6,0
Conduira's International Admissions Consultancy,UCJLuHmLtOWbB5zurCbmuPDg,https://www.youtube.com/watch?v=90337nTBx4Q,US F1 Visa - Very Important Development,1070,24,7
Conduira's International Admissions Consultancy,UCJLuHmLtOWbB5zurCbmuPDg,https://www.youtube.com/watch?v=0K0bsWPOhf4,Fall 2023 Admission Season Started. Why should you hurry?,434,18,0
Conduira's International Admissions Consultancy,UCJLuHmLtOWbB5zurCbmuPDg,https://www.youtube.com/watch?v=ecYgFXTvv2c,US Visa Slots to Open Shortly! Must Watch,4315,73,5
Conduira's International Admissions Consultancy,UCJLuHmLtOWbB5zurCbmuPDg,https://www.youtube.com/watch?v=gTc9y-QNctY,Fall 2023 Admissions - Challenges on Account of Recession,443,17,2
Conduira's International Admissions Consultancy,UCJLuHmLtOWbB5zurCbmuPDg,https://www.youtube.com/watch?v=yjCqDkQqAEE,Skills You Must Develop to Succeed Abroad post MS,302,16,0
Akshat Shrivastava,UCqW8jxh4tH1Z1sWPbkGWL4g,https://www.youtube.com/watch?v=vFlO0SRFniE,"Invest at 0% commissions. And, build generational wealth | Akshat Shrivastava",37313,1184,177
Akshat Shrivastava,UCqW8jxh4tH1Z1sWPbkGWL4g,https://www.youtube.com/watch?v=yhnUEgJAEN4,"I invested 50Cr in Real Estate. And, learnt these 10 Key points...",119748,2546,343
Akshat Shrivastava,UCqW8jxh4tH1Z1sWPbkGWL4g,https://www.youtube.com/watch?v=-TL-_GO5vrE,Why I am selling (some) Finance stocks. And rotating to other sectors,251157,6335,513
Akshat Shrivastava,UCqW8jxh4tH1Z1sWPbkGWL4g,https://www.youtube.com/watch?v=E96ZkGZ4bKQ,"5 Stocks to buy after RBI's rate cuts. And, it's stock Market impact | Akshat Shrivastava",251310,5262,516
Akshat Shrivastava,UCqW8jxh4tH1Z1sWPbkGWL4g,https://www.youtube.com/watch?v=sYfZuSUAucI,Markets can correct aggressively by 2026 | Buy the Indian Markets in Dips,303055,5870,1087
Akshat Shrivastava,UCqW8jxh4tH1Z1sWPbkGWL4g,https://www.youtube.com/watch?v=67pxeDwJCqA,How to build a new portoflio in 2025? | Akshat Shrivastava,0,2545,368
Akshat Shrivastava,UCqW8jxh4tH1Z1sWPbkGWL4g,https://www.youtube.com/watch?v=N2GH08vqS3s,"[An obvious great bet!] Why, I'm investing 90% of my money on AI stocks ...",168930,3740,448
Akshat Shrivastava,UCqW8jxh4tH1Z1sWPbkGWL4g,https://www.youtube.com/watch?v=8jlrX0EeEXk,Is India's Economy Struggling or Winning? | Data Backed Analysis,108848,3375,676
Akshat Shrivastava,UCqW8jxh4tH1Z1sWPbkGWL4g,https://www.youtube.com/watch?v=Qz5_dpy7TQY,What happens when US debt bursts?,214728,4716,819
Akshat Shrivastava,UCqW8jxh4tH1Z1sWPbkGWL4g,https://www.youtube.com/watch?v=CtBJxdShSMw,Why I'm investing close to 15Cr on these 10 stocks | Akshat Shrivastava,297282,6950,664
Akshat Shrivastava,UCqW8jxh4tH1Z1sWPbkGWL4g,https://www.youtube.com/watch?v=3V6i73NCWsc,Why long-term Investing works only FOR THE RICH now? [Instead do MID-TERM investing],120903,3113,297
Akshat Shrivastava,UCqW8jxh4tH1Z1sWPbkGWL4g,https://www.youtube.com/watch?v=rgWCHQVWz2M,10 Wealth & Stock Market predictions for 2025 | Akshat Shrivastava,171964,4519,413
Akshat Shrivastava,UCqW8jxh4tH1Z1sWPbkGWL4g,https://www.youtube.com/watch?v=awOTAwe334E,Which STOCKS to buy in India and the US? [Akshat Shrivastava],149089,3833,334
Akshat Shrivastava,UCqW8jxh4tH1Z1sWPbkGWL4g,https://www.youtube.com/watch?v=mPE8m4Ld0CU,I stopped investing in Mutual Funds in 2025 (here is why) | Akshat Shrivastava,194858,3846,988
Akshat Shrivastava,UCqW8jxh4tH1Z1sWPbkGWL4g,https://www.youtube.com/watch?v=W4q982L1Z90,Economy updates - And adding 3 New stocks to my Portfolio | Akshat Shrivastava,0,3726,314
Akshat Shrivastava,UCqW8jxh4tH1Z1sWPbkGWL4g,https://www.youtube.com/watch?v=rEC15tWo_oU,Your portfolio can beat 99% Fund Managers | Copy these 5 Strategies | Akshat Shrivastava,256468,8160,547
Akshat Shrivastava,UCqW8jxh4tH1Z1sWPbkGWL4g,https://www.youtube.com/watch?v=scBBJpZB2-U,Book some profits in the ongoing MINI-RALLY? | Akshat Shrivastava,145526,3126,328
Akshat Shrivastava,UCqW8jxh4tH1Z1sWPbkGWL4g,https://www.youtube.com/watch?v=z01lyQH7rao,Why China will win this trade war in the next 71 days..,210025,6740,585
Akshat Shrivastava,UCqW8jxh4tH1Z1sWPbkGWL4g,https://www.youtube.com/watch?v=XPCy1r6pZEM,IDFC First Bank-- Next HDFC or Yes Bank? | Fundamental Analysis | Akshat Shrivastava,0,3159,314
Akshat Shrivastava,UCqW8jxh4tH1Z1sWPbkGWL4g,https://www.youtube.com/watch?v=ddXCLYdPQlM,Markets are set to rebound (5 stocks I am buying) | Akshat Shrivastava,321068,6701,728
Raj Shamani,UCzwCEE_PchiBULMnAJqhGVg,https://www.youtube.com/watch?v=xh2tA8yf3hU,"What Your Skin Really Needs � Serums, Moisturizer & Skincare | Dr Geetanjali | FO369 Raj Shamani",29921,1089,159
Raj Shamani,UCzwCEE_PchiBULMnAJqhGVg,https://www.youtube.com/watch?v=m1DQx1_mweE,Start Business With No Money In India & Business Secrets - Rajiv Talreja | FO368 Raj Shamani,236071,6502,585
Raj Shamani,UCzwCEE_PchiBULMnAJqhGVg,https://www.youtube.com/watch?v=WNdSw0vzzOs,"Gold Vs Diamonds, Lab Grown Vs Natural, Business & Investment | Limelight | FO367 Raj Shamani",170364,2820,955
Raj Shamani,UCzwCEE_PchiBULMnAJqhGVg,https://www.youtube.com/watch?v=we9VSegCFyo,"Decode Love, Lies & Leadership Through Body Language | Kanan Tandi | FO366 Raj Shamani",393459,11157,970
Raj Shamani,UCzwCEE_PchiBULMnAJqhGVg,https://www.youtube.com/watch?v=NB4TlMvCqJY,"Real Estate Billionaire: How To Choose, Invest & Sell A Property? - BNW Founder | FO365 Raj Shamani",274283,6007,1018
Raj Shamani,UCzwCEE_PchiBULMnAJqhGVg,https://www.youtube.com/watch?v=MdeQMVBuGgY,"Vijay Mallya Podcast: Rise & Downfall Of Kingfisher Airlines, Loans & RCB | FO364 Raj Shamani",25704889,738231,57222
Raj Shamani,UCzwCEE_PchiBULMnAJqhGVg,https://www.youtube.com/watch?v=BWu-VAuok3Y,"Private Detective Stories: Hidden Cameras, Affairs & Investigation | Baldev Puri | FO363 Raj Shamani",1076158,23300,2115
Raj Shamani,UCzwCEE_PchiBULMnAJqhGVg,https://www.youtube.com/watch?v=r8pDXO6zRUg,"Aamir Khan On Marriage Failure, Family, Nepotism, Last Film, Bollywood & 3 Idiots |FO362 Raj Shamani",3837240,98975,9229
Raj Shamani,UCzwCEE_PchiBULMnAJqhGVg,https://www.youtube.com/watch?v=xoZw93EHxSw,"Uttar Pradesh, Gangster, Bahubali, Crime, Politics & CM Yogi | Mrityunjay Sharma | FO361 Raj Shamani",889229,13885,1397
Raj Shamani,UCzwCEE_PchiBULMnAJqhGVg,https://www.youtube.com/watch?v=yQ_6xi__utU,"0 to ?1000 Cr: Build A Successful Food Business In India, DMart & SRK | Veeba | FO360 Raj Shamani",286371,5555,435
Raj Shamani,UCzwCEE_PchiBULMnAJqhGVg,https://www.youtube.com/watch?v=D4184a_RTJI,"Himesh Reshammiya On Struggles, Bollywood, Trolling, Music, Family & Arijit | FO359 Raj Shamani",415302,9462,1784
Raj Shamani,UCzwCEE_PchiBULMnAJqhGVg,https://www.youtube.com/watch?v=8Ssx232ZXa4,"BookMyShow Founder: Reality of Concert, Coldplay, Artist, Business Model & India | FO358 Raj Shamani",300694,6165,510
Raj Shamani,UCzwCEE_PchiBULMnAJqhGVg,https://www.youtube.com/watch?v=jtgxSDACnyU,"Live 10 Years Longer: Brain & Heart Health, Workouts & Fitness Business | Gabit | FO357 Raj Shamani",336137,6728,368
Raj Shamani,UCzwCEE_PchiBULMnAJqhGVg,https://www.youtube.com/watch?v=jFXxHwTwlRg,"Encounter Specialist: T*rrorism, Ind-Pak War, PoK & Kashmir | Shahida Parveen | FO356 Raj Shamani",712868,11102,915
Raj Shamani,UCzwCEE_PchiBULMnAJqhGVg,https://www.youtube.com/watch?v=mrBUlkbnJcg,Business Masterclass: SECRET To Build Profitable Company In India | Masters Union |FO355 Raj Shamani,632724,12013,642
Raj Shamani,UCzwCEE_PchiBULMnAJqhGVg,https://www.youtube.com/watch?v=z5KAKDuvXD4,"Love Vs Arranged Marriage, Lust, Soulmate & Red Flags | Dr Madhumati Singh | FO354 Raj Shamani",694100,15761,2147
Raj Shamani,UCzwCEE_PchiBULMnAJqhGVg,https://www.youtube.com/watch?v=y39gxQS_TsM,"How Rich People Choose Partners, Cheating, Divorce & Karan Johar | IITIIMShaadi | FO353 Raj Shamani",879626,16874,2245
Raj Shamani,UCzwCEE_PchiBULMnAJqhGVg,https://www.youtube.com/watch?v=oHry5RRI4KU,"Ind-Pak War, Indian Army Operations, Weapons & Kargil - Capt Yashika Tyagi | FO352 Raj Shamani",2257079,67220,4359
Raj Shamani,UCzwCEE_PchiBULMnAJqhGVg,https://www.youtube.com/watch?v=ndTkM5X7msg,"Karan Johar On Love, SRK, Dharma, Weight Loss, Nepotism & Quitting Bollywood | FO351 Raj Shamani",2945625,49646,4854
Raj Shamani,UCzwCEE_PchiBULMnAJqhGVg,https://www.youtube.com/watch?v=PGX-a7wWsfo,"Dark Side of South Movies, Star Kids, Struggles, Car Accident & Rajamouli | Nani | FO350 Raj Shamani",1611510,47916,2226
Trade Brains,UCzw35O6toJtjqEAAt4LTjKQ,https://www.youtube.com/watch?v=0q7mTFMto0Q,12 Monsoon Stock Picks with an Upside of up to 25% | By Trade Brains Portal (SEBI RA),1195,51,9
Trade Brains,UCzw35O6toJtjqEAAt4LTjKQ,https://www.youtube.com/watch?v=VqzwLXHM0-E,Bitcoin Trading charges on Delta Exchange? | Brokerage Calculation | Maker and Taker Explained,10291,205,19
Trade Brains,UCzw35O6toJtjqEAAt4LTjKQ,https://www.youtube.com/watch?v=OOwZdJ6_6TE,Crypto Trading Masterclass by CA Manish Singh | The Ultimate Crypto Trading Course | FinGrad,1079,39,4
Trade Brains,UCzw35O6toJtjqEAAt4LTjKQ,https://www.youtube.com/watch?v=wz3HZqYuAak,How to use ChatGPT AI for Crypto Analysis? | Bitcoin Analysis with ChatGPT | Trade Brains,1194,28,16
Trade Brains,UCzw35O6toJtjqEAAt4LTjKQ,https://www.youtube.com/watch?v=bKlef50Uxqg,How to use Bitcoin Charts on DeltaExchange (Demo) | Bitcoin Charting Tools | Crypto Trading,1055,35,10
Trade Brains,UCzw35O6toJtjqEAAt4LTjKQ,https://www.youtube.com/watch?v=DhWaq9Wkb5E,How to do Option Trading in bitcoin on Delta Exchange? | Derivative Trading Demo | Trade Brains,7953,153,9
Trade Brains,UCzw35O6toJtjqEAAt4LTjKQ,https://www.youtube.com/watch?v=cgUcxsflxw4,How to trade Crypto in Delta Exchange (Tutorial)? Buy/Sell Cryptos on DeltaExchange | Trade Brains,2227,61,5
Trade Brains,UCzw35O6toJtjqEAAt4LTjKQ,https://www.youtube.com/watch?v=ZrhNRhmon8M,How to Use Deepseek for Stock Analysis | Deepseek AI-Powered Stock Market Research | Trade Brains,6100,107,10
Trade Brains,UCzw35O6toJtjqEAAt4LTjKQ,https://www.youtube.com/watch?v=VyeI5taOTXg,How to Start Crypto Trading in India in 2025? | Crypto Trading for Beginners | Trade Brains,1649,48,28
Trade Brains,UCzw35O6toJtjqEAAt4LTjKQ,https://www.youtube.com/watch?v=aQxWqRLDT4I,6 Best Stocks to buy in 2025 | Stocks to buy at dip | Trade Brains,32544,399,16
Trade Brains,UCzw35O6toJtjqEAAt4LTjKQ,https://www.youtube.com/watch?v=lmKI4TIJoKY,How to do Technical Analysis with Google Gemini AI? | Chart Analysis with AI | Trade Brains,27428,180,13
Trade Brains,UCzw35O6toJtjqEAAt4LTjKQ,https://www.youtube.com/watch?v=PuAhm-CsedI,How to Use Google Gemini for Stock Analysis: A Guide to Gemini AI Stock Research | Trade Brains,118134,2551,35
Trade Brains,UCzw35O6toJtjqEAAt4LTjKQ,https://www.youtube.com/watch?v=x_falhiqzhU,ChatGPT to Find Undervalued Stocks: A Guide for AI-based Stock Analysis & Valuation | Trade Brains,13282,225,13
Trade Brains,UCzw35O6toJtjqEAAt4LTjKQ,https://www.youtube.com/watch?v=fxLCRHNibck,How to Use ChatGPT for Stock Analysis: A Complete Guide for Stock Investors! | Trade Brains,135537,2834,51
Trade Brains,UCzw35O6toJtjqEAAt4LTjKQ,https://www.youtube.com/watch?v=EPGuKPpiuS0,Trade Brains Diwali Celebrations | Office Wali Diwali | Life at Trade Brains,1370,36,3
Trade Brains,UCzw35O6toJtjqEAAt4LTjKQ,https://www.youtube.com/watch?v=vT3QUSd2cQI,Inside the Commodity Market Trading with HDFC Sky's Anuj Gupta | Ft Hitesh Singhi | Trade Brains,3903,185,8
Trade Brains,UCzw35O6toJtjqEAAt4LTjKQ,https://www.youtube.com/watch?v=gQeBpUHImq0,How She build a PMS of Rs 300+ Cr Assets? | Ft. Sonam Srivastava @WrightResearchHQ | Trade Brains,6090,112,4
Trade Brains,UCzw35O6toJtjqEAAt4LTjKQ,https://www.youtube.com/watch?v=gP0WW8VNQFM,12 Common Trading Chart Patterns | Best Trading Charts with Examples | Trade Brains,7775,270,9
Trade Brains,UCzw35O6toJtjqEAAt4LTjKQ,https://www.youtube.com/watch?v=4uIVghAAFP8,5 Best Bullish Chart Patterns | Technical Chart Patterns for Beginners | Trade Brains,8738,107,5
Trade Brains,UCzw35O6toJtjqEAAt4LTjKQ,https://www.youtube.com/watch?v=6jG_UG-8tNw,3 Best Neutral Chart Patterns | Sideways/Neutral Trading Patterns | Trade Brains,3323,115,12
Groww,UCw5TLrz3qADabwezTEcOmgQ,https://www.youtube.com/watch?v=Eg2h9S1wQSA,Access 21 Internet-First Companies | Groww Nifty India Internet ETF & FoF,6579,322,9
Groww,UCw5TLrz3qADabwezTEcOmgQ,https://www.youtube.com/watch?v=4GH8LvSrTRo,3 All time high breakout stocks worth researching in 2025,36653,1509,57
Groww,UCw5TLrz3qADabwezTEcOmgQ,https://www.youtube.com/watch?v=yufFkEf9KdU,3 Midcap stocks with consistent sales and profit growth over 25% CAGR,55129,1832,66
Groww,UCw5TLrz3qADabwezTEcOmgQ,https://www.youtube.com/watch?v=Hs7GWhuWIsI,Top Traders Reveal Best Stock Reversal Techniques,16457,787,52
Groww,UCw5TLrz3qADabwezTEcOmgQ,https://www.youtube.com/watch?v=Plwo9qh-RA0,3 Hidden stocks showing strong business turnaround in 2025,39197,1254,58
Groww,UCw5TLrz3qADabwezTEcOmgQ,https://www.youtube.com/watch?v=1v0c-K3ojDk,This  pharma company spends 15% of revenues on Research!,13756,486,28
Groww,UCw5TLrz3qADabwezTEcOmgQ,https://www.youtube.com/watch?v=cdL-Y2Dn9kI,Top 3 Stocks where FIIs and DIIs are investing,64442,2146,75
Groww,UCw5TLrz3qADabwezTEcOmgQ,https://www.youtube.com/watch?v=LAvOACQiQEQ,Learn from experts how to identify the next big sectors!,25236,1061,42
Groww,UCw5TLrz3qADabwezTEcOmgQ,https://www.youtube.com/watch?v=3AEkG9Gvp-E,The best kept secret of Atul Ltd's success revealed!,11247,466,44
Groww,UCw5TLrz3qADabwezTEcOmgQ,https://www.youtube.com/watch?v=E-VQoUGaBQw,Don't Fall for These 3 Modern Scam Tactics in 2025!,78278,2136,147
Groww,UCw5TLrz3qADabwezTEcOmgQ,https://www.youtube.com/watch?v=IpLXA3Db9Kw,Save Taxes with Hindu Undivided Family | How to Open HUF Demat with Groww,7229,206,39
Groww,UCw5TLrz3qADabwezTEcOmgQ,https://www.youtube.com/watch?v=HkNwUdIYaWU,How to invest like Warren Buffett!,23918,1165,44
Groww,UCw5TLrz3qADabwezTEcOmgQ,https://www.youtube.com/watch?v=zQn7k_exMJc,Is Nifty's Breakout a Game Changer for These Sectors? | Charts Ki Baat Ep. 2,18424,798,43
Groww,UCw5TLrz3qADabwezTEcOmgQ,https://www.youtube.com/watch?v=qwkScb1BU7E,This pharma stock has the Highest ROE in the last 5 years!,7135,225,39
Groww,UCw5TLrz3qADabwezTEcOmgQ,https://www.youtube.com/watch?v=VchdES1JSfA,"Are Banking Stocks in Trouble due to Credit Expansion Slowdown? | HDFC Bank, ICICI Bank, and More",5204,196,18
Groww,UCw5TLrz3qADabwezTEcOmgQ,https://www.youtube.com/watch?v=PzknYbWgdcc,Top 5 Defence stocks to watch out,22535,692,61
Groww,UCw5TLrz3qADabwezTEcOmgQ,https://www.youtube.com/watch?v=6eiOFas0n9o,3 Stocks to Watch amid geopolitical tensions  | Charts Ki Baat Ep. 1,23369,838,47
Groww,UCw5TLrz3qADabwezTEcOmgQ,https://www.youtube.com/watch?v=tYpP2Kx-Ir0,Is Page Industries Ready for a Strong Comeback? | Jockey Brand's Journey,6299,235,14
Groww,UCw5TLrz3qADabwezTEcOmgQ,https://www.youtube.com/watch?v=iLzXRM3YSJU,How to invest in Silver in 2025?,14094,508,24
Groww,UCw5TLrz3qADabwezTEcOmgQ,https://www.youtube.com/watch?v=8JHLcGnweZQ,3 Stocks at Multi-Year Breakout!,42409,1448,55
Invest Mindset,UCnSHHfS-nwoZXQkU6xi4L9Q,https://www.youtube.com/watch?v=McJJUgkrejs,Genz TRAP: How Youth is Getting POOR Than Their Parents!,33250,1844,128
Invest Mindset,UCnSHHfS-nwoZXQkU6xi4L9Q,https://www.youtube.com/watch?v=ADfzbzxqz4c,Financial Freedom: Why Looking Poor is Important? Psychology of Money,145338,6260,218
Invest Mindset,UCnSHHfS-nwoZXQkU6xi4L9Q,https://www.youtube.com/watch?v=QTkOdDaXJUA,Modified SIP vs Normal SIP vs Lump Sum,435286,13802,308
Invest Mindset,UCnSHHfS-nwoZXQkU6xi4L9Q,https://www.youtube.com/watch?v=P1NoBHR4q44,SIP vs LumpSum? COMPOUNDING ??? ???? ?????? ???? ???,67515,3065,176
Invest Mindset,UCnSHHfS-nwoZXQkU6xi4L9Q,https://www.youtube.com/watch?v=C4x69dcrzqY,How to Find MULTIBAGGER Stocks? (Step by Step Tutorial),89269,4114,406
Invest Mindset,UCnSHHfS-nwoZXQkU6xi4L9Q,https://www.youtube.com/watch?v=FbXzxxPBOts,Why Net Worth Explodes After 1 Crore? (SECRET of Compounding),170294,7400,764
Invest Mindset,UCnSHHfS-nwoZXQkU6xi4L9Q,https://www.youtube.com/watch?v=JYT50WMylOM,Financial Freedom: Can You Get Financially Free Early?,224475,9788,399
Invest Mindset,UCnSHHfS-nwoZXQkU6xi4L9Q,https://www.youtube.com/watch?v=whjp5qUGsE4,Magic of SWP - (SWP for Monthly Income),727034,30638,1153
Invest Mindset,UCnSHHfS-nwoZXQkU6xi4L9Q,https://www.youtube.com/watch?v=KOdCQUlU-8A,Why 99% of Us Will Never be Rich | (5 Rules of Wealth),132186,7655,470
Invest Mindset,UCnSHHfS-nwoZXQkU6xi4L9Q,https://www.youtube.com/watch?v=Fy4VHK658ZY,First Step in Share Market to Compound Money (Investing For Beginners),130328,6444,252
Invest Mindset,UCnSHHfS-nwoZXQkU6xi4L9Q,https://www.youtube.com/watch?v=jBA32PGNBfU,Common Sense Stock Investing | HOW TO INVEST IN STOCKS for Beginners?,113341,5638,237
Invest Mindset,UCnSHHfS-nwoZXQkU6xi4L9Q,https://www.youtube.com/watch?v=9yTZtTydZFE,Financial Freedom: 5 Rules for Early Financial Independence,127971,5661,199
Invest Mindset,UCnSHHfS-nwoZXQkU6xi4L9Q,https://www.youtube.com/watch?v=erLALX-w2HU,How to Build Wealth In Your 30s? and Retire Early,138341,6404,334
Invest Mindset,UCnSHHfS-nwoZXQkU6xi4L9Q,https://www.youtube.com/watch?v=9iSbL96PKm0,Options Trading VS Intraday VS Swing VS Long-term Investing | Stock Market | Andekha Sach,802206,41356,839
Invest Mindset,UCnSHHfS-nwoZXQkU6xi4L9Q,https://www.youtube.com/watch?v=4kKxT0u6Yyo,"How to Invest ?10,000 in 2024 (Bull Market) For Beginners | 10k to 10 CRORE",194433,8535,316
Invest Mindset,UCnSHHfS-nwoZXQkU6xi4L9Q,https://www.youtube.com/watch?v=JABvH31gPEQ,Magic of Compounding in LIFE | ?? ????? ???? ????? ???? ?? ?????,129486,6054,187
Invest Mindset,UCnSHHfS-nwoZXQkU6xi4L9Q,https://www.youtube.com/watch?v=GG3pRf6u-vQ,5 Assets Better Than Cash | ????? ?? BANK ??? ???? ??? ???,398433,15694,452
Invest Mindset,UCnSHHfS-nwoZXQkU6xi4L9Q,https://www.youtube.com/watch?v=ON4goLTDEUk,Break the Middle-class TRAP! Be the FIRST in Your Family to GET RICH,531985,25283,519
Invest Mindset,UCnSHHfS-nwoZXQkU6xi4L9Q,https://www.youtube.com/watch?v=w4PKdTbe8eY,Financial Freedom: 5 Middle Class TRAPS ?? ???? ???? ??? ??? ???,1212026,27560,603
Invest Mindset,UCnSHHfS-nwoZXQkU6xi4L9Q,https://www.youtube.com/watch?v=W4hcZe79qS0,Financial Freedom: DIVIDEND vs RENT for Early Retirement (Fired Ep-6),943079,23291,944
Investaru Official,UCRE9Fp_3g_ekRTLtJM4yBFA,https://www.youtube.com/watch?v=wQ8ws14MNcU,2025 ??? ???? ????? ???? Crash ? Investing in 2025 | Investaru,923,83,27
Investaru Official,UCRE9Fp_3g_ekRTLtJM4yBFA,https://www.youtube.com/watch?v=ns48bpv7RLs,???????? ?? ???? Stock Market Sale is ON | Stock Market Investing | Investaru,792,68,5
Investaru Official,UCRE9Fp_3g_ekRTLtJM4yBFA,https://www.youtube.com/watch?v=e68LzEJFjI0,Why FIIs Selling in Indian Markets | Stock Market Crash 2024 | Investaru,1208,75,15
Investaru Official,UCRE9Fp_3g_ekRTLtJM4yBFA,https://www.youtube.com/watch?v=syQAhA4SEz4,Nifty Correction will Trap you | Stock Market for Beginners | Investaru,1162,66,8
Investaru Official,UCRE9Fp_3g_ekRTLtJM4yBFA,https://www.youtube.com/watch?v=oGwIDYNYxQ8,Are you Gambling in Stock Market | Stock Market Traps | Investaru,590,69,14
Investaru Official,UCRE9Fp_3g_ekRTLtJM4yBFA,https://www.youtube.com/watch?v=I01Ede7ykgE,Passive way to get Rich from Stock Market | Passive Investing | Investaru,1087,86,19
Investaru Official,UCRE9Fp_3g_ekRTLtJM4yBFA,https://www.youtube.com/watch?v=r0P1TIl-3a0,Market Crash ???? ?? Trap | Stock Market Crash | Investaru,686,73,8
Investaru Official,UCRE9Fp_3g_ekRTLtJM4yBFA,https://www.youtube.com/watch?v=I6bfWDCIem4,????? ???? ???? Data | IPO Gambling in India | Investaru,1113,47,6
Investaru Official,UCRE9Fp_3g_ekRTLtJM4yBFA,https://www.youtube.com/watch?v=vKqVMpxHdLY,Stocks in News 26th Sep 2024 | Latest Stock Market News | Investaru,353,47,5
Investaru Official,UCRE9Fp_3g_ekRTLtJM4yBFA,https://www.youtube.com/watch?v=hXuqJALFbZo,Stocks in News 25th Sep 2024 | Latest Stock Market News | Investaru,422,70,8
Investaru Official,UCRE9Fp_3g_ekRTLtJM4yBFA,https://www.youtube.com/watch?v=FKxMMOg3ndE,Stocks in News 24th Sep 2024 | Latest News in Stock Market | Investaru,346,52,10
Investaru Official,UCRE9Fp_3g_ekRTLtJM4yBFA,https://www.youtube.com/watch?v=kTjY_XVAyTc,Next Multibagger Stock Trick | Stock Market Investing for Beginners | Investaru,1537,136,20
Investaru Official,UCRE9Fp_3g_ekRTLtJM4yBFA,https://www.youtube.com/watch?v=5J2HaQqCGGY,Bumper ???? ???? IPO ??? ???? ?? | Upcoming IPOs | Investaru,673,64,24
Investaru Official,UCRE9Fp_3g_ekRTLtJM4yBFA,https://www.youtube.com/watch?v=Fk85ikqBC6I,Stocks in News 20th Sep 2024 | Latest Stock Market News,348,59,9
Investaru Official,UCRE9Fp_3g_ekRTLtJM4yBFA,https://www.youtube.com/watch?v=R7D6njkKav8,Watch before you loose money in Stock Market | Stock Market for Beginners | Investaru,741,74,15
Investaru Official,UCRE9Fp_3g_ekRTLtJM4yBFA,https://www.youtube.com/watch?v=4U-nLfuOK60,Stocks in News 19th Sep 2024 | Latest Stock Market News | Investaru,374,55,12
Investaru Official,UCRE9Fp_3g_ekRTLtJM4yBFA,https://www.youtube.com/watch?v=587hjqGgHrI,Stocks in News 18th Sep 2024 | Stock Market Latest News | Investaru,437,59,4
Investaru Official,UCRE9Fp_3g_ekRTLtJM4yBFA,https://www.youtube.com/watch?v=NnhTtJQqgMs,Stocks in News 13th Sep 2024 | Latest Stock Market News | Investaru,377,55,7
Investaru Official,UCRE9Fp_3g_ekRTLtJM4yBFA,https://www.youtube.com/watch?v=bZsXczV6b4M,Stocks in News 12th Sep 2024 | Latest Stock Market News | Investaru,346,57,7
Investaru Official,UCRE9Fp_3g_ekRTLtJM4yBFA,https://www.youtube.com/watch?v=zq31BJ4z61k,Stocks in News 11th Sep 2024 | Latest Stock Market News | Investaru,360,49,11
Stock Market INDIA,UCCLu5B_Ctsw4N20DJvDykOA,https://www.youtube.com/watch?v=HlQr_-UbZhg,SOME EXCELLENT NEWS,15128,1022,43
Stock Market INDIA,UCCLu5B_Ctsw4N20DJvDykOA,https://www.youtube.com/watch?v=yqROzdEfoOU,FOMC BOJ BOE MEETING AND MANY NEWS FOR TOMORROW,15977,888,54
Stock Market INDIA,UCCLu5B_Ctsw4N20DJvDykOA,https://www.youtube.com/watch?v=1vTNbCBUI4w,INDIA CPI INFLATION DATA AND MANY UPDATES,15301,946,34
Stock Market INDIA,UCCLu5B_Ctsw4N20DJvDykOA,https://www.youtube.com/watch?v=QooYwYVs9wQ,TARIFF ?? ??? ??? ???,18068,1154,35
Stock Market INDIA,UCCLu5B_Ctsw4N20DJvDykOA,https://www.youtube.com/watch?v=f2F9IE3pigI,WORLD BANK ?? REPORT,15412,1070,33
Stock Market INDIA,UCCLu5B_Ctsw4N20DJvDykOA,https://www.youtube.com/watch?v=cEUd1bdeThU,GST ?? ??? ??? ???,18033,1240,55
Stock Market INDIA,UCCLu5B_Ctsw4N20DJvDykOA,https://www.youtube.com/watch?v=-YJM06pbuC4,?? ?? ??? ?? ????? ???,16838,1007,25
Stock Market INDIA,UCCLu5B_Ctsw4N20DJvDykOA,https://www.youtube.com/watch?v=ATIyB0VfjnY,??? ???? ??? ???,12685,840,22
Stock Market INDIA,UCCLu5B_Ctsw4N20DJvDykOA,https://www.youtube.com/watch?v=C1jhBeQPNBo,?????????? ?????? ?? ?? ???,14993,1065,43
Stock Market INDIA,UCCLu5B_Ctsw4N20DJvDykOA,https://www.youtube.com/watch?v=4bnspCYFMzY,TOMORROW MARKET ANALYSIS,15492,1038,28
Stock Market INDIA,UCCLu5B_Ctsw4N20DJvDykOA,https://www.youtube.com/watch?v=2BnbQ7xj2PE,GIFT NIFTY IN BETTER POSITION,17331,1162,45
Stock Market INDIA,UCCLu5B_Ctsw4N20DJvDykOA,https://www.youtube.com/watch?v=epA-sxa83B0,MANUFACTURING PMI DATA AND MANY UPDATES,17894,1053,45
Stock Market INDIA,UCCLu5B_Ctsw4N20DJvDykOA,https://www.youtube.com/watch?v=93GUvcfMem8,?? ?? ???? ?????????? ???,17196,1075,45
Stock Market INDIA,UCCLu5B_Ctsw4N20DJvDykOA,https://www.youtube.com/watch?v=TV4V2mGKQRw,INDIA Q4 GDP DATA AND NEWS,13103,841,22
Stock Market INDIA,UCCLu5B_Ctsw4N20DJvDykOA,https://www.youtube.com/watch?v=ay1jAhlfiK4,US GDP DATA and MANY MORE,20072,1271,39
Stock Market INDIA,UCCLu5B_Ctsw4N20DJvDykOA,https://www.youtube.com/watch?v=c6PsMPSJ1fs,????? ?? ??? ?????,18516,1068,35
Stock Market INDIA,UCCLu5B_Ctsw4N20DJvDykOA,https://www.youtube.com/watch?v=RJASitMFgs4,DOW JONES ?? ??? ????,18784,1097,63
Stock Market INDIA,UCCLu5B_Ctsw4N20DJvDykOA,https://www.youtube.com/watch?v=-cK5wq3Y5cY,HUGE BENEFITS FOR INDIA,20285,1247,44
Stock Market INDIA,UCCLu5B_Ctsw4N20DJvDykOA,https://www.youtube.com/watch?v=qGZ156-JgPQ,?????? ?? ??? ????? ???,29739,1538,71
Stock Market INDIA,UCCLu5B_Ctsw4N20DJvDykOA,https://www.youtube.com/watch?v=Xz69gFMu9uI,ANOTHER TARIFF THREAT,10409,547,25
